En alakalı sayfalar,Tıklamalar,Gösterimler,TO,Pozisyon
https://www.siringayrimenkul.com/,42,653,6.43%,5.31
https://www.siringayrimenkul.com/mahalleler/ata-mahallesi/endora-plus,27,357,7.56%,5.73
https://www.siringayrimenkul.com/?utm_source=google&utm_medium=gbp,25,1340,1.87%,2.93
https://www.siringayrimenkul.com/blog/emlakci-yetki-belgesi-sorgulama,22,1522,1.45%,8.41
https://www.siringayrimenkul.com/mahalleler/ata/selvi-evleri-sitesi,19,551,3.45%,7.04
https://www.siringayrimenkul.com/mahalleler/devlet-mahallesi/eryaman-royal-city,17,196,8.67%,6.77
https://www.siringayrimenkul.com/mahalleler/susuz-mahallesi/lenora-goksu,17,137,12.41%,7.09
https://www.siringayrimenkul.com/mahalleler/ata-mahallesi/efsane-evleri,16,278,5.76%,6.16
https://www.siringayrimenkul.com/mahalleler/ata-mahallesi/panorama-garden,16,205,7.8%,7.74
https://www.siringayrimenkul.com/mahalleler/goksu-mahallesi/konum-eryaman,16,187,8.56%,7.49
https://www.siringayrimenkul.com/mahalleler/cumhuriyet-mahallesi/endora-bati,16,159,10.06%,7.59
https://www.siringayrimenkul.com/mahalleler/cumhuriyet/mes-polaris-evleri,15,446,3.36%,6.18
https://www.siringayrimenkul.com/mahalleler/tunahan-mahallesi/mavicam-sitesi,15,391,3.84%,7.7
https://www.siringayrimenkul.com/mahalleler/altay-mahallesi/address-eryaman,14,224,6.25%,7.38
https://www.siringayrimenkul.com/blog/emlakci-yetki-sozlesmesi-rehberi,13,413,3.15%,6.64
https://www.siringayrimenkul.com/mahalleler/eryaman-mahallesi/basak-sitesi,13,125,10.4%,7.35
https://www.siringayrimenkul.com/mahalleler/goksu/goksu-metrokent-sitesi,12,410,2.93%,6.82
https://www.siringayrimenkul.com/mahalleler/cumhuriyet/natura-goksu,11,308,3.57%,8.3
https://www.siringayrimenkul.com/mahalleler/sehit-osman-avci-mahallesi/karma-modern,11,141,7.8%,6.21
https://www.siringayrimenkul.com/blog/emlakciya-vekalet-verme-rehberi,10,506,1.98%,6.22
https://www.siringayrimenkul.com/mahalleler/tunahan-mahallesi/age-sitesi,10,309,3.24%,7.3
https://www.siringayrimenkul.com/mahalleler/ata/kainat-evler-2,10,209,4.78%,6.87
https://www.siringayrimenkul.com/mahalleler/ata-mahallesi/alkon-sitesi,10,167,5.99%,6.44
https://www.siringayrimenkul.com/mahalleler/ata-mahallesi/sermina-life,10,149,6.71%,7.8
https://www.siringayrimenkul.com/mahalleler/cumhuriyet-mahallesi/ankalux-residence,10,113,8.85%,6.94
https://www.siringayrimenkul.com/mahalleler/goksu-mahallesi/park-evo-konutlari,10,68,14.71%,5.04
https://www.siringayrimenkul.com/mahalleler/ata-mahallesi/armoni-life,9,182,4.95%,7.88
https://www.siringayrimenkul.com/mahalleler/altay-mahallesi/mood-street,9,52,17.31%,4.65
https://www.siringayrimenkul.com/blog/kat-irtifakindan-kat-mulkiyetine-gecis,8,732,1.09%,9.62
https://www.siringayrimenkul.com/mahalleler/devlet/oz-gimat-sitesi,8,205,3.9%,7.82
https://www.siringayrimenkul.com/mahalleler/ata/panorama-garden,8,204,3.92%,7.43
https://www.siringayrimenkul.com/mahalleler/seyh-samil-mahallesi/demirel-park-evleri,8,169,4.73%,6.88
https://www.siringayrimenkul.com/mahalleler/ata/armoni-life,8,152,5.26%,8.76
https://www.siringayrimenkul.com/mahalleler/altay-mahallesi/sutek-bloklari,8,127,6.3%,7.79
https://www.siringayrimenkul.com/mahalleler/ata-mahallesi/panorama-prestij,8,122,6.56%,8.69
https://www.siringayrimenkul.com/mahalleler/seyh-samil/genc-efes-sitesi,8,119,6.72%,7.3
https://www.siringayrimenkul.com/mahalleler/cumhuriyet/hotki-bulvar,8,83,9.64%,7.61
https://www.siringayrimenkul.com/mahalleler/yavuz-selim-mahallesi/elit-nar-cicegi,8,36,22.22%,7.72
https://www.siringayrimenkul.com/mahalleler/altay-mahallesi/firat-life-style-botanik,7,435,1.61%,7.94
https://www.siringayrimenkul.com/mahalleler/sehit-osman-avci-mahallesi/koz-modern,7,364,1.92%,8.23
https://www.siringayrimenkul.com/mahalleler/ata/siyah-beyaz-evler,7,352,1.99%,6.95
https://www.siringayrimenkul.com/blog/eryamanda-hangi-mahalle,7,312,2.24%,6.92
https://www.siringayrimenkul.com/blog/emlakcisiz-ev-satilir-mi,7,259,2.7%,6.21
https://www.siringayrimenkul.com/mahalleler/ata/gold-life-konutlari,7,215,3.26%,6.18
https://www.siringayrimenkul.com/mahalleler/yavuz-selim-mahallesi/terasevler-eryaman,7,207,3.38%,8.43
https://www.siringayrimenkul.com/mahalleler/cumhuriyet/vera-west,7,187,3.74%,6.75
https://www.siringayrimenkul.com/mahalleler/seyh-samil/inci-park-evleri,7,184,3.8%,7.27
https://www.siringayrimenkul.com/mahalleler/ata-mahallesi/elit-yasam-konutlari-3,7,159,4.4%,8.43
https://www.siringayrimenkul.com/mahalleler/tunahan-mahallesi/ozar-sitesi,7,151,4.64%,7.08
https://www.siringayrimenkul.com/mahalleler/susuz-mahallesi/vera-life-goksu,7,136,5.15%,7.73
https://www.siringayrimenkul.com/mahalleler/susuz-mahallesi/nil-my-home,7,123,5.69%,5.46
https://www.siringayrimenkul.com/mahalleler/susuz-mahallesi/duru-life-konutlari,7,118,5.93%,7.54
https://www.siringayrimenkul.com/mahalleler/yavuz-selim-mahallesi/serpil-sitesi,7,116,6.03%,7.83
https://www.siringayrimenkul.com/mahalleler/ata/pasa-evleri,7,95,7.37%,7.2
https://www.siringayrimenkul.com/mahalleler/devlet-mahallesi/mil-kooperatifi-sitesi,7,92,7.61%,8.17
https://www.siringayrimenkul.com/mahalleler/cumhuriyet-mahallesi/ap-green-tower,6,257,2.33%,7.44
https://www.siringayrimenkul.com/mahalleler/cumhuriyet/gulbaran-residence,6,243,2.47%,8.35
https://www.siringayrimenkul.com/mahalleler/ata-mahallesi,6,230,2.61%,8.26
https://www.siringayrimenkul.com/mahalleler/ata/mercan-life-buse-konutlari,6,188,3.19%,8.48
https://www.siringayrimenkul.com/mahalleler/susuz-mahallesi/oniz-nirvana,6,161,3.73%,8.12
https://www.siringayrimenkul.com/mahalleler/yavuz-selim-mahallesi/serhatkent-sitesi,6,147,4.08%,7.41
https://www.siringayrimenkul.com/mahalleler/cumhuriyet-mahallesi/zen-park-plus,6,124,4.84%,7.29
https://www.siringayrimenkul.com/mahalleler/cumhuriyet/konar-manzara-evleri,6,121,4.96%,6.6
https://www.siringayrimenkul.com/mahalleler/devlet-mahallesi/sari-cinar-sitesi,6,119,5.04%,6.09
https://www.siringayrimenkul.com/mahalleler/ata/palmiye-evleri,6,112,5.36%,7.3
https://www.siringayrimenkul.com/mahalleler/susuz-mahallesi/maviler-ipek,6,101,5.94%,5.65
https://www.siringayrimenkul.com/mahalleler/yesilova-mahallesi/sertower-busidence,6,99,6.06%,6.05
https://www.siringayrimenkul.com/mahalleler/cumhuriyet-mahallesi/zen-park-goksu,6,79,7.59%,7.13
https://www.siringayrimenkul.com/mahalleler/susuz-mahallesi/mood-altinok,6,74,8.11%,7.66
https://www.siringayrimenkul.com/mahalleler/goksu-mahallesi/alina-konutlari,6,71,8.45%,5.56
https://www.siringayrimenkul.com/mahalleler/sehit-osman-avci-mahallesi/daldikenler-yasemin-evleri-sitesi,6,69,8.7%,6.83
https://www.siringayrimenkul.com/mahalleler/goksu-mahallesi/seyirtepe-baspinar,6,63,9.52%,8.79
https://www.siringayrimenkul.com/mahalleler/susuz-mahallesi/bella-garden,6,62,9.68%,6.42
https://www.siringayrimenkul.com/mahalleler/seyh-samil-mahallesi/unsal-rezidans,6,49,12.24%,7.35
https://www.siringayrimenkul.com/mahalleler/ata/sermina-life,6,48,12.5%,7.88
https://www.siringayrimenkul.com/mahalleler/ata-mahallesi/seckin-atasaylar-sitesi,6,37,16.22%,7.16
https://www.siringayrimenkul.com/mahalleler/sehit-osman-avci-mahallesi/bordo-platinum-residence,5,388,1.29%,7.74
https://www.siringayrimenkul.com/mahalleler/ata/prestij-park-konutlari,5,307,1.63%,7.18
https://www.siringayrimenkul.com/mahalleler/ata/endora-plus,5,272,1.84%,8.21
https://www.siringayrimenkul.com/mahalleler/ata-mahallesi/vizyon-baspinar-sitesi,5,230,2.17%,7.54
https://www.siringayrimenkul.com/mahalleler/ata-mahallesi/zirve-park-konutlari,5,213,2.35%,8.82
https://www.siringayrimenkul.com/mahalleler/devlet-mahallesi/ornek-ari-sitesi,5,209,2.39%,6.2
https://www.siringayrimenkul.com/mahalleler/ata/tekirdag-park-evleri,5,171,2.92%,7.16
https://www.siringayrimenkul.com/mahalleler/ata-mahallesi/selvi-evleri-sitesi,5,171,2.92%,7.68
https://www.siringayrimenkul.com/mahalleler/cumhuriyet-mahallesi/nover-westlife,5,168,2.98%,8.37
https://www.siringayrimenkul.com/mahalleler/ata-mahallesi/panorama-plus,5,165,3.03%,8.53
https://www.siringayrimenkul.com/mahalleler/cumhuriyet/angora-goksu-evleri,5,164,3.05%,8.46
https://www.siringayrimenkul.com/mahalleler/eryaman-mahallesi/atakent-vadi-sitesi,5,158,3.16%,7.42
https://www.siringayrimenkul.com/mahalleler/eryaman-mahallesi/platin-2-konutlari,5,156,3.21%,8.51
https://www.siringayrimenkul.com/mahalleler/cumhuriyet/basaksehir-ankara-konutlari,5,147,3.4%,7.78
https://www.siringayrimenkul.com/mahalleler/tunahan-mahallesi/etaplar/5,5,146,3.42%,8.05
https://www.siringayrimenkul.com/blog/evimi-satmak-mi-kiraya-vermek-mi,5,144,3.47%,5.42
https://www.siringayrimenkul.com/mahalleler/ata-mahallesi/caglayan-sitesi,5,129,3.88%,7.16
https://www.siringayrimenkul.com/mahalleler/susuz-mahallesi/yildiz-life,5,122,4.1%,7.12
https://www.siringayrimenkul.com/mahalleler/eryaman-mahallesi/atakent-2-cumhuriyet-sitesi,5,118,4.24%,7.93
https://www.siringayrimenkul.com/mahalleler/cumhuriyet-mahallesi/akin-garden-sitesi,5,114,4.39%,5.68
https://www.siringayrimenkul.com/mahalleler/goksu/uzunali-goksu-konutlari-2,5,114,4.39%,7.54
https://www.siringayrimenkul.com/mahalleler/seyh-samil/ilona-konutlari,5,108,4.63%,6.55
https://www.siringayrimenkul.com/mahalleler/devlet-mahallesi/ozdenizyildizi-sitesi,5,104,4.81%,5.59
https://www.siringayrimenkul.com/mahalleler/susuz/oniz-nirvana,5,103,4.85%,8.29
https://www.siringayrimenkul.com/mahalleler/devlet-mahallesi/bilgi-sevgi-hosgoru-sitesi,5,101,4.95%,7.39
https://www.siringayrimenkul.com/mahalleler/ata/elit-yasam-konutlari-3,5,98,5.1%,8.3
https://www.siringayrimenkul.com/mahalleler/ata/gozde-evler-sitesi,5,94,5.32%,6.23
https://www.siringayrimenkul.com/mahalleler/goksu/mercan-smart-house,5,91,5.49%,6.41
https://www.siringayrimenkul.com/mahalleler/susuz/lenora-goksu,5,91,5.49%,8.88
https://www.siringayrimenkul.com/mahalleler/eryaman/adalar/45924-1,5,87,5.75%,6.64
https://www.siringayrimenkul.com/mahalleler/devlet-mahallesi/ikizler-sitesi,5,85,5.88%,7.04
https://www.siringayrimenkul.com/mahalleler/ata/ozkardesler-sitesi,5,76,6.58%,6.2
https://www.siringayrimenkul.com/mahalleler/ata-mahallesi/aker-mucevher-evleri,5,73,6.85%,8.82
https://www.siringayrimenkul.com/mahalleler/goksu/utkan-sitesi,5,72,6.94%,6.01
https://www.siringayrimenkul.com/mahalleler/ata/yaylakent-sitesi,5,71,7.04%,8.14
https://www.siringayrimenkul.com/mahalleler/yesilova/hotki-ritm,5,68,7.35%,6.62
https://www.siringayrimenkul.com/mahalleler/susuz/bulut-kule,5,63,7.94%,6.68
https://www.siringayrimenkul.com/mahalleler/sehit-osman-avci-mahallesi/relax-goksu-konutlari,4,713,0.56%,8.37
https://www.siringayrimenkul.com/mahalleler/sehit-osman-avci-mahallesi/alpak-neve-armonia-residence,4,496,0.81%,8.7
https://www.siringayrimenkul.com/mahalleler/cumhuriyet-mahallesi/hittown,4,479,0.84%,8.04
https://www.siringayrimenkul.com/blog/hisseli-ipotekli-ev-satisi,4,287,1.39%,8.08
https://www.siringayrimenkul.com/mahalleler/seyh-samil,4,279,1.43%,9.25
https://www.siringayrimenkul.com/mahalleler/sehit-osman-avci,4,252,1.59%,9.52
https://www.siringayrimenkul.com/mahalleler/ata/gold-stone-evleri,4,218,1.83%,6.76
https://www.siringayrimenkul.com/mahalleler/ata/panorama-plus,4,184,2.17%,7.34
https://www.siringayrimenkul.com/mahalleler/ata/ruyakent-sitesi,4,183,2.19%,9.12
https://www.siringayrimenkul.com/mahalleler/susuz/bordo-gol-evleri,4,165,2.42%,5.9
https://www.siringayrimenkul.com/mahalleler/goksu-mahallesi/park-mira-evleri,4,141,2.84%,7.35
https://www.siringayrimenkul.com/mahalleler/ata/mavi-bayrak-sitesi,4,134,2.99%,7.4
https://www.siringayrimenkul.com/mahalleler/cumhuriyet-mahallesi/vera-point,4,127,3.15%,7.93
https://www.siringayrimenkul.com/mahalleler/yavuz-selim-mahallesi/dogapark-sitesi,4,124,3.23%,7.48
https://www.siringayrimenkul.com/mahalleler/seker-mahallesi/hill-tower,4,120,3.33%,7.58
https://www.siringayrimenkul.com/mahalleler/seker-mahallesi/meydan-ada-sitesi,4,119,3.36%,5.46
https://www.siringayrimenkul.com/mahalleler/cumhuriyet/anadolu-vizyon-konutlari,4,110,3.64%,5.72
https://www.siringayrimenkul.com/mahalleler/ata-mahallesi/gold-life-konutlari,4,107,3.74%,6.93
https://www.siringayrimenkul.com/mahalleler/ata-mahallesi/twin-towers-eryaman,4,105,3.81%,8.1
https://www.siringayrimenkul.com/mahalleler/susuz/mira-goksu-konutlari,4,104,3.85%,6.76
https://www.siringayrimenkul.com/mahalleler/ata-mahallesi/anemon-sitesi,4,101,3.96%,7.28
https://www.siringayrimenkul.com/mahalleler/cumhuriyet-mahallesi/utopya-konutlari,4,99,4.04%,6.57
https://www.siringayrimenkul.com/mahalleler/eryaman-mahallesi/endora-park,4,98,4.08%,7.33
https://www.siringayrimenkul.com/mahalleler/goksu-mahallesi/golkent-1-sitesi,4,86,4.65%,8.97
https://www.siringayrimenkul.com/mahalleler/yavuz-selim-mahallesi/havayollari-sitesi,4,78,5.13%,6.63
https://www.siringayrimenkul.com/mahalleler/altay-mahallesi/akturk-bloklari,4,78,5.13%,8.31
https://www.siringayrimenkul.com/mahalleler/sehit-osman-avci-mahallesi/metropark-plus,4,77,5.19%,7.14
https://www.siringayrimenkul.com/mahalleler/yavuz-selim/seda-terasevler,4,74,5.41%,7.19
https://www.siringayrimenkul.com/mahalleler/susuz-mahallesi/goksu-marina,4,74,5.41%,8.81
https://www.siringayrimenkul.com/mahalleler/devlet/bayrak-sitesi,4,72,5.56%,7.15
https://www.siringayrimenkul.com/mahalleler/cumhuriyet/vera-vista,4,71,5.63%,6.85
https://www.siringayrimenkul.com/mahalleler/cumhuriyet-mahallesi/plus-life-ankara,4,71,5.63%,7.56
https://www.siringayrimenkul.com/mahalleler/ata/umut-yapi-sitesi,4,68,5.88%,7.22
https://www.siringayrimenkul.com/mahalleler/devlet-mahallesi/cinar-sitesi,4,66,6.06%,6.71
https://www.siringayrimenkul.com/mahalleler/yavuz-selim/elit-nar-cicegi,4,66,6.06%,7.97
https://www.siringayrimenkul.com/mahalleler/yesilova-mahallesi/green-place-residence,4,65,6.15%,7.02
https://www.siringayrimenkul.com/mahalleler/ata-mahallesi/pasa-evleri,4,60,6.67%,6.92
https://www.siringayrimenkul.com/mahalleler/ata/sari-gulluk-konutlari,4,60,6.67%,6.95
https://www.siringayrimenkul.com/mahalleler/tunahan-mahallesi/etaplar/4,4,60,6.67%,7.5
https://www.siringayrimenkul.com/mahalleler/cumhuriyet/hityasam,4,59,6.78%,5.75
https://www.siringayrimenkul.com/mahalleler/guzelkent-mahallesi/gardenya-sitesi,4,59,6.78%,6.68
https://www.siringayrimenkul.com/mahalleler/cumhuriyet-mahallesi/natura-goksu,4,55,7.27%,9.35
https://www.siringayrimenkul.com/mahalleler/seyh-samil/liderkent,4,54,7.41%,7.78
https://www.siringayrimenkul.com/mahalleler/susuz/baskent-goksu,4,53,7.55%,6.34
https://www.siringayrimenkul.com/mahalleler/goksu-mahallesi/uzunali-goksu-konutlari-2,4,52,7.69%,7.5
https://www.siringayrimenkul.com/mahalleler/seyh-samil-mahallesi/tugce-kent-sitesi,4,46,8.7%,6.07
https://www.siringayrimenkul.com/mahalleler/ata/cigdem-sitesi,4,46,8.7%,6.35
https://www.siringayrimenkul.com/mahalleler/sehit-osman-avci-mahallesi/cinar-sitesi,4,39,10.26%,6.69
https://www.siringayrimenkul.com/mahalleler/eryaman-mahallesi/gencler-sitesi,4,35,11.43%,7.14
https://www.siringayrimenkul.com/mahalleler/cumhuriyet/atakoy-konutlari,4,33,12.12%,6.55
https://www.siringayrimenkul.com/mahalleler/cumhuriyet/plus-life-ankara,4,32,12.5%,8.12
https://www.siringayrimenkul.com/mahalleler/susuz-mahallesi/green-life-goksu-konutlari,4,24,16.67%,6.25
https://www.siringayrimenkul.com/mahalleler/cumhuriyet-mahallesi/atakoy-konutlari,4,23,17.39%,7.35
https://www.siringayrimenkul.com/mahalleler/yesilova-mahallesi/meva-sehir,3,485,0.62%,9.03
https://www.siringayrimenkul.com/mahalleler/sehit-osman-avci/bordo-platinum-residence,3,356,0.84%,8.08
https://www.siringayrimenkul.com/mahalleler/sehit-osman-avci-mahallesi/mia-concept-konutlari,3,277,1.08%,6.43
https://www.siringayrimenkul.com/mahalleler/goksu/yeniceri-kule,3,224,1.34%,8.51
https://www.siringayrimenkul.com/mahalleler/goksu-mahallesi/polsan-1-gozde-sitesi,3,206,1.46%,7.41
https://www.siringayrimenkul.com/mahalleler/sehit-osman-avci-mahallesi/vera-city,3,182,1.65%,6.12
https://www.siringayrimenkul.com/mahalleler/ata/vizyon-baspinar-sitesi,3,170,1.76%,8.06
https://www.siringayrimenkul.com/mahalleler/susuz-mahallesi/white-dream-sitesi,3,167,1.8%,5.36
https://www.siringayrimenkul.com/mahalleler/tunahan-mahallesi/sarigul-sitesi,3,152,1.97%,7.77
https://www.siringayrimenkul.com/mahalleler/tunahan,3,146,2.05%,9.29
https://www.siringayrimenkul.com/mahalleler/tunahan/neopolitan-eryaman,3,145,2.07%,9.34
https://www.siringayrimenkul.com/mahalleler/cumhuriyet/vizyon-tower,3,143,2.1%,7.01
https://www.siringayrimenkul.com/mahalleler/altay-mahallesi/mesa-bloklari,3,137,2.19%,7.34
https://www.siringayrimenkul.com/blog/kiraci-evi-gostermiyor-ne-yapmaliyim,3,124,2.42%,9.54
https://www.siringayrimenkul.com/mahalleler/tunahan-mahallesi/adalar/46498-7,3,122,2.46%,7.66
https://www.siringayrimenkul.com/mahalleler/ata/panorama-prestij,3,120,2.5%,8.22
https://www.siringayrimenkul.com/mahalleler/ata-mahallesi/akonur-sitesi,3,114,2.63%,8.41
https://www.siringayrimenkul.com/mahalleler/eryaman-mahallesi,3,114,2.63%,9.96
https://www.siringayrimenkul.com/mahalleler/ata-mahallesi/taflan-sitesi,3,113,2.65%,6.96
https://www.siringayrimenkul.com/mahalleler/yavuz-selim-mahallesi/kardeskent-sitesi,3,108,2.78%,8.33
https://www.siringayrimenkul.com/mahalleler/cumhuriyet/ap-green-tower,3,107,2.8%,7.64
https://www.siringayrimenkul.com/mahalleler/goksu-mahallesi/havuzlu-bahce-konutlari,3,107,2.8%,9.69
https://www.siringayrimenkul.com/mahalleler/goksu-mahallesi/havuzlu-evler-sitesi,3,106,2.83%,8.93
https://www.siringayrimenkul.com/mahalleler/susuz/mahal-cag-sitesi,3,105,2.86%,6.88
https://www.siringayrimenkul.com/mahalleler/susuz/paradise-goksu,3,105,2.86%,9.13
https://www.siringayrimenkul.com/mahalleler/susuz-mahallesi/saritas-seyir-evleri,3,102,2.94%,5.45
https://www.siringayrimenkul.com/mahalleler/devlet/eryaman-royal-city,3,102,2.94%,9.52
https://www.siringayrimenkul.com/mahalleler/susuz-mahallesi/ende-yasam,3,101,2.97%,8.38
https://www.siringayrimenkul.com/mahalleler/ata/liva-life-yasam-konutlari,3,100,3%,6.55
https://www.siringayrimenkul.com/mahalleler/sehit-osman-avci/adalar/46656-5,3,93,3.23%,8.26
https://www.siringayrimenkul.com/mahalleler/ata-mahallesi/sari-gulluk-konutlari,3,92,3.26%,6.89
https://www.siringayrimenkul.com/mahalleler/devlet-mahallesi/asiyan-sitesi,3,92,3.26%,8.28
https://www.siringayrimenkul.com/mahalleler/yavuz-selim/atadostlar-sitesi,3,83,3.61%,9.17
https://www.siringayrimenkul.com/mahalleler/devlet/mavikent-sitesi,3,81,3.7%,5.95
https://www.siringayrimenkul.com/mahalleler/seyh-samil/adalar/46215-5,3,81,3.7%,7.98
https://www.siringayrimenkul.com/mahalleler/susuz/mood-altinok,3,77,3.9%,7.88
https://www.siringayrimenkul.com/mahalleler/tunahan/sutek-sitesi,3,77,3.9%,9.14
https://www.siringayrimenkul.com/mahalleler/cumhuriyet-mahallesi/natural-konutlari,3,68,4.41%,8.04
https://www.siringayrimenkul.com/mahalleler/susuz/dostlar-birikim-sitesi,3,64,4.69%,7.2
https://www.siringayrimenkul.com/mahalleler/ata-mahallesi/ayyildiz-sitesi,3,61,4.92%,6.11
https://www.siringayrimenkul.com/mahalleler/ata/anemon-sitesi,3,61,4.92%,7.59
https://www.siringayrimenkul.com/mahalleler/tunahan-mahallesi/haznedaroglu-bloklari,3,61,4.92%,9.36
https://www.siringayrimenkul.com/mahalleler/devlet-mahallesi/tes-is-bloklari,3,57,5.26%,7.3
https://www.siringayrimenkul.com/mahalleler/devlet-mahallesi/gulhayat-sitesi,3,56,5.36%,5.98
https://www.siringayrimenkul.com/mahalleler/guzelkent-mahallesi/safi-apak-sitesi,3,56,5.36%,7.05
https://www.siringayrimenkul.com/mahalleler/goksu-mahallesi/adalar/63404-2,3,56,5.36%,7.25
https://www.siringayrimenkul.com/mahalleler/yavuz-selim/adalar/19508-3,3,55,5.45%,6.85
https://www.siringayrimenkul.com/mahalleler/yavuz-selim-mahallesi/seda-terasevler,3,55,5.45%,8.42
https://www.siringayrimenkul.com/mahalleler/tunahan-mahallesi/gokdemir-premium,3,53,5.66%,9.6
https://www.siringayrimenkul.com/mahalleler/guzelkent-mahallesi/ozuguzelkent-sitesi,3,49,6.12%,5.69
https://www.siringayrimenkul.com/mahalleler/ata/panorama-life,3,49,6.12%,8.33
https://www.siringayrimenkul.com/mahalleler/ata-mahallesi/hansa-sitesi,3,48,6.25%,6.75
https://www.siringayrimenkul.com/mahalleler/ata/baskent-sitesi,3,47,6.38%,6.15
https://www.siringayrimenkul.com/mahalleler/cumhuriyet/zen-park-plus,3,47,6.38%,7.49
https://www.siringayrimenkul.com/mahalleler/susuz/mabeyn-baspinar,3,38,7.89%,7.13
https://www.siringayrimenkul.com/mahalleler/guzelkent-mahallesi/evrimkent-sitesi,3,37,8.11%,8.78
https://www.siringayrimenkul.com/mahalleler/guzelkent/adalar/18468-1,3,36,8.33%,8.28
https://www.siringayrimenkul.com/mahalleler/guzelkent-mahallesi/yeni-isikent-sitesi,3,34,8.82%,7.38
https://www.siringayrimenkul.com/mahalleler/cumhuriyet-mahallesi/adalar/63268-1,3,34,8.82%,7.65
https://www.siringayrimenkul.com/mahalleler/sehit-osman-avci-mahallesi/elit-yasam-konutlari-2,3,27,11.11%,5.41
https://www.siringayrimenkul.com/mahalleler/eryaman-mahallesi/elif-ozgen-sitesi,3,27,11.11%,6.56
https://www.siringayrimenkul.com/mahalleler/yavuz-selim-mahallesi/akcakent-87-sitesi,3,26,11.54%,6.35
https://www.siringayrimenkul.com/mahalleler/yavuz-selim,2,225,0.89%,9.72
https://www.siringayrimenkul.com/mahalleler/seyh-samil/alarko-bloklari,2,210,0.95%,9.33
https://www.siringayrimenkul.com/mahalleler/sehit-osman-avci/kiratli-residence,2,202,0.99%,7.28
https://www.siringayrimenkul.com/mahalleler/ata/sogut-bahce-sitesi,2,176,1.14%,8.95
https://www.siringayrimenkul.com/mahalleler/devlet-mahallesi,2,169,1.18%,8.28
https://www.siringayrimenkul.com/mahalleler/tunahan-mahallesi/canberk-sitesi,2,157,1.27%,8.63
https://www.siringayrimenkul.com/ev-degerleme,2,157,1.27%,11.99
https://www.siringayrimenkul.com/mahalleler/susuz-mahallesi/park-goksu-konutlari,2,151,1.32%,9.16
https://www.siringayrimenkul.com/mahalleler/ata/aker-mucevher-evleri,2,147,1.36%,7.56
https://www.siringayrimenkul.com/mahalleler/yavuz-selim-mahallesi/endora-eryaman,2,140,1.43%,8.94
https://www.siringayrimenkul.com/mahalleler/goksu/adalar/46463-1,2,129,1.55%,13.36
https://www.siringayrimenkul.com/iletisim,2,121,1.65%,7.43
https://www.siringayrimenkul.com/mahalleler/eryaman-mahallesi/oyak-sitesi,2,121,1.65%,8.76
https://www.siringayrimenkul.com/mahalleler/ata/efsane-evleri,2,120,1.67%,8.12
https://www.siringayrimenkul.com/mahalleler/cumhuriyet-mahallesi/cimtas-goksu-konutlari,2,119,1.68%,8.99
https://www.siringayrimenkul.com/mahalleler/ata-mahallesi/kozlar-towers,2,116,1.72%,7.52
https://www.siringayrimenkul.com/mahalleler/eryaman-mahallesi/yeni-portakal-cicegi-sitesi,2,109,1.83%,9.71
https://www.siringayrimenkul.com/mahalleler/tunahan-mahallesi/sutek-sitesi,2,105,1.9%,9.26
https://www.siringayrimenkul.com/mahalleler/guzelkent/eryapi-sitesi,2,103,1.94%,7.62
https://www.siringayrimenkul.com/mahalleler/cumhuriyet/zen-park-goksu,2,103,1.94%,7.71
https://www.siringayrimenkul.com/mahalleler/yavuz-selim-mahallesi/adalar/46433-1,2,101,1.98%,9.1
https://www.siringayrimenkul.com/mahalleler/sehit-osman-avci-mahallesi/ardic-sitesi,2,94,2.13%,7.24
https://www.siringayrimenkul.com/mahalleler/goksu-mahallesi/polsan-1-bahar-sitesi,2,94,2.13%,8.33
https://www.siringayrimenkul.com/mahalleler/cumhuriyet/utopya-konutlari,2,92,2.17%,6.48
https://www.siringayrimenkul.com/mahalleler/devlet/adalar/18693-1,2,92,2.17%,8.65
https://www.siringayrimenkul.com/mahalleler/sehit-osman-avci/dalgic-residence,2,90,2.22%,6.61
https://www.siringayrimenkul.com/mahalleler/susuz-mahallesi/mabeyn-baspinar,2,90,2.22%,7.64
https://www.siringayrimenkul.com/mahalleler/goksu-mahallesi/sude-konutlari,2,88,2.27%,6.77
https://www.siringayrimenkul.com/mahalleler/guzelkent-mahallesi/erkent-sitesi,2,88,2.27%,7.32
https://www.siringayrimenkul.com/blog/evinizi-kiraya-verdikten-sonra,2,86,2.33%,6.64
https://www.siringayrimenkul.com/mahalleler/sehit-osman-avci/happy-life-residence,2,85,2.35%,5.54
https://www.siringayrimenkul.com/mahalleler/ata-mahallesi/panorama-life,2,84,2.38%,7.49
https://www.siringayrimenkul.com/mahalleler/cumhuriyet-mahallesi/bulvar-yasam-konutlari,2,83,2.41%,8.22
https://www.siringayrimenkul.com/mahalleler/yavuz-selim-mahallesi/eylul-sitesi,2,83,2.41%,8.59
https://www.siringayrimenkul.com/mahalleler/ata-mahallesi/dogasu-elmaslar-evleri,2,82,2.44%,9.44
https://www.siringayrimenkul.com/mahalleler/cumhuriyet/endora-bati,2,81,2.47%,7.42
https://www.siringayrimenkul.com/mahalleler/ata/caglayan-sitesi,2,80,2.5%,5.33
https://www.siringayrimenkul.com/mahalleler/yesilova-mahallesi/pozitif-life,2,80,2.5%,9.04
https://www.siringayrimenkul.com/mahalleler/goksu-mahallesi/finest-bloklari,2,79,2.53%,6.38
https://www.siringayrimenkul.com/mahalleler/cumhuriyet/guzel-belde-sitesi,2,79,2.53%,7.09
https://www.siringayrimenkul.com/mahalleler/sehit-osman-avci/cizgi-otesi-residence,2,78,2.56%,7.6
https://www.siringayrimenkul.com/mahalleler/yavuz-selim-mahallesi,2,78,2.56%,9.05
https://www.siringayrimenkul.com/mahalleler/altay-mahallesi/vizyon-prestige,2,76,2.63%,7.49
https://www.siringayrimenkul.com/mahalleler/yavuz-selim-mahallesi/yeni-kaynak-sitesi,2,75,2.67%,7.19
https://www.siringayrimenkul.com/mahalleler/ata/alkon-sitesi,2,75,2.67%,7.41
https://www.siringayrimenkul.com/mahalleler/susuz/saritas-seyir-evleri,2,72,2.78%,4.93
https://www.siringayrimenkul.com/mahalleler/goksu-mahallesi/yeniguc-sitesi-eryaman,2,72,2.78%,7.08
https://www.siringayrimenkul.com/mahalleler/ata-mahallesi/umut-yapi-sitesi,2,67,2.99%,4.75
https://www.siringayrimenkul.com/mahalleler/ata/kainat-evleri,2,64,3.12%,8.59
https://www.siringayrimenkul.com/mahalleler/sehit-osman-avci-mahallesi/yazici-modern,2,63,3.17%,5.84
https://www.siringayrimenkul.com/mahalleler/eryaman/adalar/45926-4,2,62,3.23%,7.52
https://www.siringayrimenkul.com/mahalleler/cumhuriyet-mahallesi/ap-ist-port,2,62,3.23%,8.63
https://www.siringayrimenkul.com/mahalleler/seyh-samil/gul-sitesi,2,61,3.28%,7.66
https://www.siringayrimenkul.com/mahalleler/ata-mahallesi/yaylakent-sitesi,2,61,3.28%,8.44
https://www.siringayrimenkul.com/mahalleler/ata-mahallesi/palmiye-evleri,2,60,3.33%,8.2
https://www.siringayrimenkul.com/mahalleler/devlet-mahallesi/demirkent-sitesi,2,59,3.39%,7.68
https://www.siringayrimenkul.com/mahalleler/tunahan-mahallesi/kur-sitesi-46496-ada,2,59,3.39%,8.56
https://www.siringayrimenkul.com/mahalleler/devlet/yesiloz-sitesi,2,58,3.45%,6.07
https://www.siringayrimenkul.com/mahalleler/eryaman/asm-prestij-konutlari,2,58,3.45%,6.95
https://www.siringayrimenkul.com/mahalleler/seyh-samil-mahallesi/ilona-konutlari,2,58,3.45%,7.6
https://www.siringayrimenkul.com/mahalleler/ata-mahallesi/ozkardesler-sitesi,2,57,3.51%,5.42
https://www.siringayrimenkul.com/mahalleler/guzelkent-mahallesi/gozde-91-sitesi,2,57,3.51%,7.95
https://www.siringayrimenkul.com/mahalleler/devlet/yildiz-tatil-sitesi,2,56,3.57%,5.38
https://www.siringayrimenkul.com/mahalleler/guzelkent/ulas-sitesi,2,56,3.57%,7.14
https://www.siringayrimenkul.com/mahalleler/cumhuriyet/akin-garden-sitesi,2,55,3.64%,5.78
https://www.siringayrimenkul.com/mahalleler/yavuz-selim-mahallesi/safir-sitesi,2,55,3.64%,8.27
https://www.siringayrimenkul.com/mahalleler/cumhuriyet/motto-goksu,2,51,3.92%,7.02
https://www.siringayrimenkul.com/mahalleler/yesilova-mahallesi/anka-vega,2,50,4%,7.56
https://www.siringayrimenkul.com/mahalleler/devlet-mahallesi/4-devlet-mahallesi-sitesi,2,50,4%,8.32
https://www.siringayrimenkul.com/mahalleler/yavuz-selim/adalar/46232-1,2,50,4%,9.18
https://www.siringayrimenkul.com/mahalleler/sehit-osman-avci-mahallesi/neva-prestij-konutlari,2,49,4.08%,7.71
https://www.siringayrimenkul.com/mahalleler/tunahan-mahallesi/elit-yasam-evleri,2,49,4.08%,8.41
https://www.siringayrimenkul.com/mahalleler/cumhuriyet/nar-gulu-1-sitesi,2,48,4.17%,4.48
https://www.siringayrimenkul.com/mahalleler/cumhuriyet/adalar/62680-1,2,48,4.17%,9.4
https://www.siringayrimenkul.com/mahalleler/cumhuriyet-mahallesi/hityasam,2,47,4.26%,6.28
https://www.siringayrimenkul.com/mahalleler/guzelkent-mahallesi/isi-kent-sitesi,2,47,4.26%,7.94
https://www.siringayrimenkul.com/mahalleler/sehit-osman-avci-mahallesi/adalar/46645-1,2,44,4.55%,8.2
https://www.siringayrimenkul.com/mahalleler/susuz-mahallesi/adalar/64515-3,2,44,4.55%,8.77
https://www.siringayrimenkul.com/mahalleler/guzelkent/adalar/18652-1,2,42,4.76%,6.57
https://www.siringayrimenkul.com/mahalleler/eryaman-mahallesi/kayaevleri-sitesi,2,41,4.88%,7.46
https://www.siringayrimenkul.com/mahalleler/ata-mahallesi/turuncu-site,2,39,5.13%,4.41
https://www.siringayrimenkul.com/mahalleler/yesilova-mahallesi/kayra-loft,2,39,5.13%,6.95
https://www.siringayrimenkul.com/mahalleler/cumhuriyet/oasis-korupark,2,39,5.13%,8.28
https://www.siringayrimenkul.com/mahalleler/cumhuriyet-mahallesi/nisanur-sitesi,2,38,5.26%,8.24
https://www.siringayrimenkul.com/mahalleler/eryaman-mahallesi/beyaz-residence,2,37,5.41%,6.81
https://www.siringayrimenkul.com/mahalleler/altay/doktorlar-sitesi,2,37,5.41%,6.86
https://www.siringayrimenkul.com/mahalleler/sehit-osman-avci-mahallesi/elit-yasam-konutlari-1,2,37,5.41%,8.05
https://www.siringayrimenkul.com/mahalleler/eryaman/adalar/46540-1,2,37,5.41%,8.97
https://www.siringayrimenkul.com/mahalleler/yavuz-selim-mahallesi/serenkoy-sitesi,2,35,5.71%,7.23
https://www.siringayrimenkul.com/mahalleler/devlet/asiyan-sitesi,2,35,5.71%,7.37
https://www.siringayrimenkul.com/mahalleler/eryaman-mahallesi/yesil-manolya-sitesi,2,35,5.71%,7.54
https://www.siringayrimenkul.com/mahalleler/eryaman-mahallesi/lapis-garden,2,34,5.88%,6.09
https://www.siringayrimenkul.com/mahalleler/seyh-samil-mahallesi/adalar/46266-1,2,33,6.06%,7.42
https://www.siringayrimenkul.com/mahalleler/ata-mahallesi/emin-guven-sitesi,2,33,6.06%,8.33
https://www.siringayrimenkul.com/mahalleler/guzelkent-mahallesi/nazlideniz-sitesi,2,32,6.25%,5.75
https://www.siringayrimenkul.com/mahalleler/eryaman-mahallesi/ozgun-ipek-sitesi,2,32,6.25%,8.75
https://www.siringayrimenkul.com/mahalleler/seyh-samil-mahallesi/inci-park-evleri,2,29,6.9%,9.41
https://www.siringayrimenkul.com/mahalleler/eryaman-mahallesi/pasa-konaklari,2,28,7.14%,7.14
https://www.siringayrimenkul.com/mahalleler/yavuz-selim-mahallesi/bizim-sirinkoy-sitesi,2,28,7.14%,8.54
https://www.siringayrimenkul.com/mahalleler/cumhuriyet-mahallesi/gulbaran-residence,2,27,7.41%,8.41
https://www.siringayrimenkul.com/mahalleler/goksu/adalar/63396-4,2,26,7.69%,9.46
https://www.siringayrimenkul.com/mahalleler/eryaman-mahallesi/kent-konaklari-sitesi,2,25,8%,7.36
https://www.siringayrimenkul.com/mahalleler/guzelkent/durtas-91-sitesi,2,24,8.33%,5.88
https://www.siringayrimenkul.com/mahalleler/seyh-samil-mahallesi/mavera-sitesi,2,23,8.7%,4.26
https://www.siringayrimenkul.com/mahalleler/altay-mahallesi/adalar/45899-7,2,23,8.7%,8.87
https://www.siringayrimenkul.com/mahalleler/guzelkent-mahallesi/ulas-sitesi,2,22,9.09%,7.77
https://www.siringayrimenkul.com/mahalleler/susuz-mahallesi/sirin-ana-villalari,2,21,9.52%,4.33
https://www.siringayrimenkul.com/mahalleler/goksu/goksu-aura-sitesi,2,21,9.52%,6.52
https://www.siringayrimenkul.com/mahalleler/ata/akdam-sitesi,2,18,11.11%,7.06
https://www.siringayrimenkul.com/mahalleler/devlet-mahallesi/sozova-sitesi,2,17,11.76%,3.41
https://www.siringayrimenkul.com/mahalleler/ata-mahallesi/atasayanlar-sitesi,2,16,12.5%,6.31
https://www.siringayrimenkul.com/mahalleler/susuz/adalar/63377-3,2,16,12.5%,10.75
https://www.siringayrimenkul.com/mahalleler/yesilova/adalar/47549-1,2,15,13.33%,7
https://www.siringayrimenkul.com/mahalleler/cumhuriyet/adalar/62673-1,2,15,13.33%,9.87
https://www.siringayrimenkul.com/mahalleler/susuz/sky-goksu,2,15,13.33%,9.93
https://www.siringayrimenkul.com/mahalleler/seyh-samil-mahallesi/oz-tamer-sitesi,2,14,14.29%,6.64
https://www.siringayrimenkul.com/mahalleler/guzelkent/1-portakal-cicegi-sitesi,2,9,22.22%,5.44
https://www.siringayrimenkul.com/mahalleler,1,849,0.12%,9.63
https://www.siringayrimenkul.com/mahalleler/goksu/kasmir-gol-evleri,1,292,0.34%,10.64
https://www.siringayrimenkul.com/mahalleler/eryaman-mahallesi/oyak-555-konut-sitesi,1,254,0.39%,9.6
https://www.siringayrimenkul.com/mahalleler/goksu-mahallesi/buse-konutlari,1,244,0.41%,8.54
https://www.siringayrimenkul.com/mahalleler/seker-mahallesi/dort-mevsim-eryaman-konutlari,1,230,0.43%,7.73
https://www.siringayrimenkul.com/mahalleler/eryaman/adalar/46535-2,1,223,0.45%,10.16
https://www.siringayrimenkul.com/mahalleler/goksu/polsan1-ayisigi-sitesi,1,218,0.46%,7.62
https://www.siringayrimenkul.com/mahalleler/sehit-osman-avci/relax-goksu-konutlari,1,214,0.47%,10.77
https://www.siringayrimenkul.com/mahalleler/tunahan/kur-sitesi-46495-ada,1,193,0.52%,7.45
https://www.siringayrimenkul.com/mahalleler/yesilova-mahallesi/sakalar-tower,1,178,0.56%,8.27
https://www.siringayrimenkul.com/mahalleler/seyh-samil/ozahikent-sitesi,1,164,0.61%,8.77
https://www.siringayrimenkul.com/mahalleler/ata/trend-life-sitesi,1,160,0.62%,6.48
https://www.siringayrimenkul.com/mahalleler/cumhuriyet/vera-point,1,157,0.64%,8.02
https://www.siringayrimenkul.com/mahalleler/susuz/goksu-hisar-evleri,1,154,0.65%,6.68
https://www.siringayrimenkul.com/mahalleler/susuz-mahallesi/goksu-hisar-evleri,1,150,0.67%,8.2
https://www.siringayrimenkul.com/mahalleler/ata/ata-life-sitesi,1,146,0.68%,6.52
https://www.siringayrimenkul.com/mahalleler/ata-mahallesi/prestij-park-konutlari,1,145,0.69%,6.63
https://www.siringayrimenkul.com/mahalleler/sehit-osman-avci-mahallesi/kiratli-residence,1,143,0.7%,7.29
https://www.siringayrimenkul.com/araclar/emlak-komisyonu-hesaplama,1,143,0.7%,38.58
https://www.siringayrimenkul.com/mahalleler/yavuz-selim/utku-sitesi,1,141,0.71%,8.76
https://www.siringayrimenkul.com/mahalleler/ata-mahallesi/siyah-beyaz-evler,1,138,0.72%,7.49
https://www.siringayrimenkul.com/mahalleler/sehit-osman-avci-mahallesi/demirer-sitesi,1,137,0.73%,9.03
https://www.siringayrimenkul.com/mahalleler/eryaman,1,136,0.74%,13.99
https://www.siringayrimenkul.com/mahalleler/seyh-samil-mahallesi/atayildiz-yasam-konutlari,1,132,0.76%,9.19
https://www.siringayrimenkul.com/mahalleler/cumhuriyet-mahallesi/vizyon-tower,1,128,0.78%,6.47
https://www.siringayrimenkul.com/mahalleler/susuz-mahallesi,1,125,0.8%,8.99
https://www.siringayrimenkul.com/mahalleler/ata/adalar/46412-1,1,124,0.81%,9.94
https://www.siringayrimenkul.com/mahalleler/seker-mahallesi/zirve-loft,1,117,0.85%,9.32
https://www.siringayrimenkul.com/mahalleler/seyh-samil-mahallesi/umar-sitesi,1,115,0.87%,7.46
https://www.siringayrimenkul.com/mahalleler/seyh-samil/eston-2-sitesi,1,111,0.9%,8.7
https://www.siringayrimenkul.com/mahalleler/seker/bahcen-eryaman-konutlari,1,111,0.9%,9.6
https://www.siringayrimenkul.com/mahalleler/sehit-osman-avci/adalar/46658-3,1,109,0.92%,9.32
https://www.siringayrimenkul.com/mahalleler/susuz-mahallesi/bordo-gol-evleri,1,108,0.93%,7.16
https://www.siringayrimenkul.com/mahalleler/cumhuriyet/ankalux-residence,1,107,0.93%,7.59
https://www.siringayrimenkul.com/mahalleler/cumhuriyet-mahallesi/greenpark-evleri,1,107,0.93%,7.71
https://www.siringayrimenkul.com/mahalleler/ata/dogasu-evleri,1,107,0.93%,8.75
https://www.siringayrimenkul.com/mahalleler/ata/sumeyra-2-sitesi,1,101,0.99%,6.44
https://www.siringayrimenkul.com/mahalleler/cumhuriyet/adalar/63262-5,1,101,0.99%,7.01
https://www.siringayrimenkul.com/mahalleler/ata/mutlu-sitesi,1,101,0.99%,9.08
https://www.siringayrimenkul.com/mahalleler/tunahan/klima-bloklari,1,97,1.03%,8.29
https://www.siringayrimenkul.com/mahalleler/cumhuriyet/zirveden-bati,1,97,1.03%,8.69
https://www.siringayrimenkul.com/mahalleler/ata/billur-sitesi,1,96,1.04%,8.01
https://www.siringayrimenkul.com/mahalleler/eryaman-mahallesi/atakent-sitesi,1,95,1.05%,8.96
https://www.siringayrimenkul.com/mahalleler/ata/dilara-sitesi,1,94,1.06%,7.61
https://www.siringayrimenkul.com/mahalleler/tunahan-mahallesi/su-damlasi-sitesi,1,92,1.09%,9.29
https://www.siringayrimenkul.com/mahalleler/sehit-osman-avci-mahallesi/goldekent-sitesi,1,90,1.11%,7.77
https://www.siringayrimenkul.com/mahalleler/ata-mahallesi/sogut-bahce-konutlari,1,89,1.12%,9.45
https://www.siringayrimenkul.com/mahalleler/ata-mahallesi/dilara-sitesi,1,86,1.16%,7.13
https://www.siringayrimenkul.com/mahalleler/guzelkent-mahallesi,1,84,1.19%,8.44
https://www.siringayrimenkul.com/mahalleler/yavuz-selim/genc-avrasya-sitesi,1,83,1.2%,8.4
https://www.siringayrimenkul.com/mahalleler/goksu-mahallesi/goksupark-konutlari,1,83,1.2%,8.92
https://www.siringayrimenkul.com/mahalleler/tunahan-mahallesi/adalar/46492-1,1,81,1.23%,7.63
https://www.siringayrimenkul.com/mahalleler/cumhuriyet/adalar/62681-1,1,81,1.23%,9.44
https://www.siringayrimenkul.com/mahalleler/eryaman-mahallesi/cigdem-sitesi,1,79,1.27%,8.16
https://www.siringayrimenkul.com/mahalleler/ata/aydinkent-sitesi,1,78,1.28%,7
https://www.siringayrimenkul.com/mahalleler/cumhuriyet-mahallesi/adalar/62662-2,1,78,1.28%,7.65
https://www.siringayrimenkul.com/mahalleler/goksu-mahallesi/ilgaz-life,1,76,1.32%,6.51
https://www.siringayrimenkul.com/mahalleler/susuz/cag-life-sitesi,1,76,1.32%,8.01
https://www.siringayrimenkul.com/mahalleler/cumhuriyet-mahallesi/diamond-goksu,1,76,1.32%,8.58
https://www.siringayrimenkul.com/mahalleler/goksu-mahallesi/zirveden-goksu,1,76,1.32%,9.46
https://www.siringayrimenkul.com/mahalleler/ata-mahallesi/adalar/46409-1,1,74,1.35%,7.88
https://www.siringayrimenkul.com/mahalleler/susuz/palas-eryaman,1,73,1.37%,8.16
https://www.siringayrimenkul.com/mahalleler/seyh-samil-mahallesi/melis-sitesi,1,73,1.37%,9.23
https://www.siringayrimenkul.com/mahalleler/cumhuriyet/botanik-park-evleri,1,72,1.39%,9.49
https://www.siringayrimenkul.com/mahalleler/sehit-osman-avci-mahallesi/gokdemirler-suit,1,71,1.41%,7.49
https://www.siringayrimenkul.com/mahalleler/ata-mahallesi/adalar/46213-1,1,71,1.41%,8.55
https://www.siringayrimenkul.com/blog/kiraci-tahliye-taahhutnamesi-rehberi,1,71,1.41%,9.94
https://www.siringayrimenkul.com/araclar/kira-artisi-hesaplama,1,71,1.41%,35.31
https://www.siringayrimenkul.com/mahalleler/goksu-mahallesi/yeniceri-kule,1,70,1.43%,8.66
https://www.siringayrimenkul.com/mahalleler/ata-mahallesi/mavi-bayrak-sitesi,1,69,1.45%,8.57
https://www.siringayrimenkul.com/mahalleler/ata/atasehir-eryaman-konutlari,1,68,1.47%,9.31
https://www.siringayrimenkul.com/mahalleler/goksu-mahallesi/arissa-goksu,1,67,1.49%,10.27
https://www.siringayrimenkul.com/mahalleler/tunahan/kur-sitesi-46496-ada,1,66,1.52%,8.53
https://www.siringayrimenkul.com/mahalleler/ata/akonur-sitesi,1,65,1.54%,8.78
https://www.siringayrimenkul.com/blog/ev-satarken-odenecek-vergiler,1,65,1.54%,19.6
https://www.siringayrimenkul.com/mahalleler/eryaman/armina-park-evleri,1,64,1.56%,7.36
https://www.siringayrimenkul.com/mahalleler/altay-mahallesi/age-bloklari,1,62,1.61%,8.37
https://www.siringayrimenkul.com/mahalleler/tunahan-mahallesi/adalar/17673-1,1,62,1.61%,8.77
https://www.siringayrimenkul.com/mahalleler/ata/tuana-evleri,1,62,1.61%,9.65
https://www.siringayrimenkul.com/mahalleler/yavuz-selim/altintepe-sitesi,1,61,1.64%,5.75
https://www.siringayrimenkul.com/mahalleler/cumhuriyet/green-tower,1,61,1.64%,7.36
https://www.siringayrimenkul.com/mahalleler/ata/ayyildiz-sitesi,1,60,1.67%,5.58
https://www.siringayrimenkul.com/mahalleler/cumhuriyet/astim-skypark,1,60,1.67%,8.12
https://www.siringayrimenkul.com/mahalleler/guzelkent/adalar/18469-1,1,59,1.69%,8.61
https://www.siringayrimenkul.com/mahalleler/cumhuriyet/nover-westlife,1,59,1.69%,9.29
https://www.siringayrimenkul.com/mahalleler/seker-mahallesi/volga-residence,1,57,1.75%,5.47
https://www.siringayrimenkul.com/mahalleler/ata-mahallesi/billur-sitesi,1,56,1.79%,6.57
https://www.siringayrimenkul.com/mahalleler/altay-mahallesi/arya-nuans-residence,1,56,1.79%,8.43
https://www.siringayrimenkul.com/mahalleler/sehit-osman-avci-mahallesi/happy-life-residence,1,55,1.82%,6.33
https://www.siringayrimenkul.com/mahalleler/susuz/vera-life-goksu,1,55,1.82%,8.2
https://www.siringayrimenkul.com/mahalleler/eryaman/adalar/45919-4,1,55,1.82%,8.55
https://www.siringayrimenkul.com/mahalleler/seyh-samil/adalar/46261-1,1,55,1.82%,8.8
https://www.siringayrimenkul.com/mahalleler/ata-mahallesi/adalar/44753-2,1,55,1.82%,8.98
https://www.siringayrimenkul.com/mahalleler/susuz/duru-life-konutlari,1,54,1.85%,7.89
https://www.siringayrimenkul.com/mahalleler/cumhuriyet/natural-konutlari,1,54,1.85%,7.94
https://www.siringayrimenkul.com/mahalleler/susuz-mahallesi/perla-life,1,53,1.89%,6.79
https://www.siringayrimenkul.com/mahalleler/eryaman-mahallesi/platin-konutlari,1,52,1.92%,7.83
https://www.siringayrimenkul.com/mahalleler/yavuz-selim-mahallesi/ayata-kent-sitesi,1,51,1.96%,8.06
https://www.siringayrimenkul.com/mahalleler/guzelkent/adalar/18653-1,1,51,1.96%,8.12
https://www.siringayrimenkul.com/mahalleler/devlet-mahallesi/turgut-aslan-sitesi,1,50,2%,4.86
https://www.siringayrimenkul.com/mahalleler/susuz-mahallesi/palas-eryaman,1,50,2%,7.4
https://www.siringayrimenkul.com/mahalleler/susuz/adalar/63376-6,1,50,2%,9.06
https://www.siringayrimenkul.com/mahalleler/yavuz-selim/guz-gol-sitesi,1,50,2%,25.36
https://www.siringayrimenkul.com/mahalleler/yavuz-selim/adalar/19523-1,1,49,2.04%,6.16
https://www.siringayrimenkul.com/mahalleler/cumhuriyet-mahallesi/botanik-sitesi,1,49,2.04%,8.06
https://www.siringayrimenkul.com/mahalleler/ata/parkyaman-evleri,1,49,2.04%,8.24
https://www.siringayrimenkul.com/mahalleler/goksu-mahallesi/adalar/63406-1,1,49,2.04%,8.47
https://www.siringayrimenkul.com/mahalleler/yavuz-selim/adalar/19506-1,1,48,2.08%,7.25
https://www.siringayrimenkul.com/mahalleler/ata/mavi-ladin-konut,1,48,2.08%,8.21
https://www.siringayrimenkul.com/mahalleler/guzelkent/gercek-92-sitesi,1,47,2.13%,6.74
https://www.siringayrimenkul.com/mahalleler/susuz-mahallesi/neovadi-konutlari,1,47,2.13%,6.87
https://www.siringayrimenkul.com/mahalleler/devlet-mahallesi/adalar/18706-1,1,47,2.13%,8.87
https://www.siringayrimenkul.com/mahalleler/ata/adalar/46259-1,1,47,2.13%,9.49
https://www.siringayrimenkul.com/mahalleler/goksu-mahallesi/evinora-sitesi,1,46,2.17%,6.78
https://www.siringayrimenkul.com/mahalleler/eryaman/pasa-konaklari,1,45,2.22%,7.16
https://www.siringayrimenkul.com/mahalleler/cumhuriyet/adalar/63268-1,1,45,2.22%,9.56
https://www.siringayrimenkul.com/mahalleler/yesilova/barla-konutlari,1,44,2.27%,4.61
https://www.siringayrimenkul.com/blog/eryamanda-konut-turleri,1,44,2.27%,8
https://www.siringayrimenkul.com/mahalleler/cumhuriyet-mahallesi/astim-skypark,1,44,2.27%,8.18
https://www.siringayrimenkul.com/mahalleler/ata/emin-guven-sitesi,1,43,2.33%,5.88
https://www.siringayrimenkul.com/mahalleler/guzelkent-mahallesi/metro-yasam-sitesi,1,43,2.33%,5.95
https://www.siringayrimenkul.com/mahalleler/cumhuriyet/ap-istway,1,43,2.33%,7
https://www.siringayrimenkul.com/mahalleler/ata/sirin-guneskent-sitesi,1,43,2.33%,7.28
https://www.siringayrimenkul.com/mahalleler/eryaman-mahallesi/asm-prestij-konutlari,1,42,2.38%,7.55
https://www.siringayrimenkul.com/mahalleler/ata/twin-towers-eryaman,1,42,2.38%,7.83
https://www.siringayrimenkul.com/mahalleler/cumhuriyet/arissa-botanik,1,42,2.38%,8.4
https://www.siringayrimenkul.com/mahalleler/yesilova/adalar/47529-1,1,42,2.38%,9.43
https://www.siringayrimenkul.com/mahalleler/altay-mahallesi/frekans-eryaman,1,41,2.44%,9.76
https://www.siringayrimenkul.com/mahalleler/goksu-mahallesi/maybak-konutlari,1,41,2.44%,10.46
https://www.siringayrimenkul.com/mahalleler/eryaman-mahallesi/dogankaya-sitesi,1,40,2.5%,6.78
https://www.siringayrimenkul.com/mahalleler/ata/erkent-umut-sitesi,1,40,2.5%,7.58
https://www.siringayrimenkul.com/mahalleler/eryaman/adalar/48297-1,1,40,2.5%,7.95
https://www.siringayrimenkul.com/mahalleler/cumhuriyet,1,40,2.5%,9.22
https://www.siringayrimenkul.com/mahalleler/seyh-samil-mahallesi/caglar-emin-evleri,1,39,2.56%,8.54
https://www.siringayrimenkul.com/mahalleler/susuz-mahallesi/mira-goksu-konutlari,1,38,2.63%,4.95
https://www.siringayrimenkul.com/mahalleler/yavuz-selim-mahallesi/ilkiz-2-sitesi,1,38,2.63%,5.76
https://www.siringayrimenkul.com/mahalleler/guzelkent-mahallesi/tez-konak-sitesi,1,38,2.63%,6.03
https://www.siringayrimenkul.com/mahalleler/eryaman-mahallesi/asm-golt-sitesi,1,37,2.7%,5.24
https://www.siringayrimenkul.com/mahalleler/devlet/oray-sitesi,1,37,2.7%,7.11
https://www.siringayrimenkul.com/mahalleler/sehit-osman-avci/adalar/46643-7,1,37,2.7%,7.78
https://www.siringayrimenkul.com/mahalleler/sehit-osman-avci-mahallesi/adalar/46620-5,1,37,2.7%,9.08
https://www.siringayrimenkul.com/mahalleler/yavuz-selim-mahallesi/keyfim-sitesi,1,37,2.7%,15.81
https://www.siringayrimenkul.com/mahalleler/ata-mahallesi/parkyaman-evleri,1,36,2.78%,8.06
https://www.siringayrimenkul.com/mahalleler/seyh-samil/adalar/46263-3,1,36,2.78%,9.75
https://www.siringayrimenkul.com/mahalleler/yavuz-selim/ilkiz-2-sitesi,1,35,2.86%,5.57
https://www.siringayrimenkul.com/mahalleler/cumhuriyet-mahallesi/city-life,1,35,2.86%,7.26
https://www.siringayrimenkul.com/mahalleler/cumhuriyet/kasmir-yonca,1,35,2.86%,8.29
https://www.siringayrimenkul.com/mahalleler/guzelkent-mahallesi/karasimsek-sitesi,1,35,2.86%,8.49
https://www.siringayrimenkul.com/mahalleler/susuz-mahallesi/adalar/63343-2,1,35,2.86%,9.94
https://www.siringayrimenkul.com/mahalleler/yavuz-selim/bizim-sirinkoy-sitesi,1,34,2.94%,5.68
https://www.siringayrimenkul.com/mahalleler/guzelkent-mahallesi/cozum-kent-sitesi,1,34,2.94%,7.03
https://www.siringayrimenkul.com/mahalleler/susuz/lilyum-sitesi,1,34,2.94%,7.09
https://www.siringayrimenkul.com/mahalleler/yesilova/adalar/47540-2,1,34,2.94%,7.5
https://www.siringayrimenkul.com/mahalleler/yavuz-selim-mahallesi/taskent-sitesi,1,34,2.94%,8.56
https://www.siringayrimenkul.com/mahalleler/susuz/ende-yasam,1,34,2.94%,8.71
https://www.siringayrimenkul.com/mahalleler/goksu-mahallesi/goksu-vadi-konutlari,1,34,2.94%,9.5
https://www.siringayrimenkul.com/mahalleler/guzelkent-mahallesi/er-ay-3-sitesi,1,33,3.03%,7.15
https://www.siringayrimenkul.com/mahalleler/cumhuriyet-mahallesi/vera-west,1,33,3.03%,8.18
https://www.siringayrimenkul.com/mahalleler/guzelkent/sehit-ferhat-koc-sitesi,1,32,3.12%,4.53
https://www.siringayrimenkul.com/mahalleler/ata/senser-sitesi,1,32,3.12%,5
https://www.siringayrimenkul.com/mahalleler/ata/demirkent-on-sitesi,1,32,3.12%,6.12
https://www.siringayrimenkul.com/mahalleler/cumhuriyet/bulvar-yasam-konutlari,1,32,3.12%,7.16
https://www.siringayrimenkul.com/mahalleler/devlet-mahallesi/cevizlidere-sitesi,1,32,3.12%,7.16
https://www.siringayrimenkul.com/mahalleler/cumhuriyet-mahallesi/hityenibati-haktanir-konutlari,1,32,3.12%,7.53
https://www.siringayrimenkul.com/mahalleler/yesilova-mahallesi/adalar/46395-6,1,32,3.12%,8.75
https://www.siringayrimenkul.com/mahalleler/devlet/turkkonut-istas-sitesi,1,32,3.12%,9
https://www.siringayrimenkul.com/mahalleler/yavuz-selim/adalar/45820-1,1,32,3.12%,9.97
https://www.siringayrimenkul.com/mahalleler/yavuz-selim-mahallesi/gulvatan-sitesi,1,31,3.23%,4.55
https://www.siringayrimenkul.com/mahalleler/cumhuriyet-mahallesi/nar-gulu-1-sitesi,1,31,3.23%,4.68
https://www.siringayrimenkul.com/mahalleler/yesilova-mahallesi/address-yesilova,1,31,3.23%,8.45
https://www.siringayrimenkul.com/mahalleler/tunahan/adalar/46493-2,1,31,3.23%,8.87
https://www.siringayrimenkul.com/mahalleler/goksu-mahallesi/adalar/46480-1,1,31,3.23%,10.13
https://www.siringayrimenkul.com/mahalleler/seyh-samil/adalar/46222-1,1,30,3.33%,8.8
https://www.siringayrimenkul.com/mahalleler/eryaman-mahallesi/arya-evleri,1,30,3.33%,10.8
https://www.siringayrimenkul.com/mahalleler/eryaman-mahallesi/yeni-yayikli-sitesi,1,29,3.45%,6.38
https://www.siringayrimenkul.com/mahalleler/yavuz-selim/adalar/45831-1,1,29,3.45%,6.76
https://www.siringayrimenkul.com/mahalleler/susuz-mahallesi/adalar/63275-1,1,29,3.45%,7.79
https://www.siringayrimenkul.com/mahalleler/yavuz-selim/adalar/19525-3,1,29,3.45%,8.31
https://www.siringayrimenkul.com/mahalleler/ata/adalar/44783-1,1,29,3.45%,8.48
https://www.siringayrimenkul.com/mahalleler/eryaman-mahallesi/akasya-evleri,1,29,3.45%,9.69
https://www.siringayrimenkul.com/mahalleler/goksu-mahallesi/adalar/46457-1,1,28,3.57%,8.39
https://www.siringayrimenkul.com/mahalleler/cumhuriyet-mahallesi/angora-goksu-evleri,1,28,3.57%,9.46
https://www.siringayrimenkul.com/mahalleler/tunahan/adalar/17638-1,1,28,3.57%,10.14
https://www.siringayrimenkul.com/mahalleler/yavuz-selim/metrokent-villalari,1,27,3.7%,6.59
https://www.siringayrimenkul.com/mahalleler/guzelkent-mahallesi/gokkusagi-sitesi,1,27,3.7%,6.93
https://www.siringayrimenkul.com/mahalleler/guzelkent/postakent-sitesi,1,27,3.7%,6.93
https://www.siringayrimenkul.com/mahalleler/susuz-mahallesi/alya-park,1,27,3.7%,7.11
https://www.siringayrimenkul.com/mahalleler/guzelkent/ozle-iletisim-sitesi,1,27,3.7%,8.26
https://www.siringayrimenkul.com/mahalleler/eryaman/adalar/46385-7,1,27,3.7%,8.3
https://www.siringayrimenkul.com/mahalleler/sehit-osman-avci-mahallesi/adalar/46657-5,1,27,3.7%,9.11
https://www.siringayrimenkul.com/mahalleler/cumhuriyet-mahallesi/adalar/63262-3,1,27,3.7%,10.74
https://www.siringayrimenkul.com/mahalleler/sehit-osman-avci-mahallesi/adalar/46646-1,1,26,3.85%,8.04
https://www.siringayrimenkul.com/mahalleler/cumhuriyet/adalar/63262-3,1,26,3.85%,8.23
https://www.siringayrimenkul.com/mahalleler/tunahan/adalar/17629-1,1,26,3.85%,9.31
https://www.siringayrimenkul.com/mahalleler/yavuz-selim/esenkent-sitesi,1,26,3.85%,9.88
https://www.siringayrimenkul.com/mahalleler/yavuz-selim-mahallesi/genc-avrasya-sitesi,1,26,3.85%,10.35
https://www.siringayrimenkul.com/mahalleler/ata/cagdas-onur-sitesi,1,25,4%,7.04
https://www.siringayrimenkul.com/mahalleler/altay-mahallesi/doktorlar-sitesi,1,25,4%,7.2
https://www.siringayrimenkul.com/mahalleler/seyh-samil/adalar/17346-1,1,25,4%,7.6
https://www.siringayrimenkul.com/blog,1,25,4%,7.92
https://www.siringayrimenkul.com/mahalleler/guzelkent-mahallesi/yesil-guven-kent,1,25,4%,8.16
https://www.siringayrimenkul.com/mahalleler/sehit-osman-avci/adalar/46628-7,1,25,4%,8.24
https://www.siringayrimenkul.com/mahalleler/susuz/goksu-marina,1,25,4%,8.56
https://www.siringayrimenkul.com/mahalleler/guzelkent-mahallesi/baskent-sular-sitesi,1,24,4.17%,6.25
https://www.siringayrimenkul.com/mahalleler/eryaman-mahallesi/elif-elvan-sitesi,1,24,4.17%,6.71
https://www.siringayrimenkul.com/mahalleler/tunahan-mahallesi/adalar/17632-1,1,24,4.17%,8.67
https://www.siringayrimenkul.com/mahalleler/ata-mahallesi/adalar/46417-3,1,24,4.17%,9.79
https://www.siringayrimenkul.com/mahalleler/ata/adalar/46418-1,1,24,4.17%,10.21
https://www.siringayrimenkul.com/mahalleler/sehit-osman-avci-mahallesi/adalar/46654-8,1,23,4.35%,5.57
https://www.siringayrimenkul.com/mahalleler/altay-mahallesi/pembe-ruya-evleri,1,23,4.35%,6.13
https://www.siringayrimenkul.com/mahalleler/susuz/adalar/63368-6,1,23,4.35%,7.13
https://www.siringayrimenkul.com/mahalleler/susuz-mahallesi/ap-forest-gate,1,23,4.35%,9.39
https://www.siringayrimenkul.com/mahalleler/devlet/adalar/18676-1,1,23,4.35%,10.22
https://www.siringayrimenkul.com/mahalleler/sehit-osman-avci/adalar/46664-1,1,22,4.55%,6.77
https://www.siringayrimenkul.com/mahalleler/ata-mahallesi/mavi-ladin-konut,1,22,4.55%,8.18
https://www.siringayrimenkul.com/mahalleler/cumhuriyet/bati-life-evleri,1,22,4.55%,8.86
https://www.siringayrimenkul.com/mahalleler/seyh-samil-mahallesi/nisan-sitesi,1,21,4.76%,5.81
https://www.siringayrimenkul.com/mahalleler/yesilova/adalar/47563-2,1,21,4.76%,6
https://www.siringayrimenkul.com/mahalleler/cumhuriyet/ender-dogus-konut-yapi,1,21,4.76%,6.14
https://www.siringayrimenkul.com/mahalleler/altay-mahallesi/adalar/45898-2,1,21,4.76%,8
https://www.siringayrimenkul.com/mahalleler/eryaman-mahallesi/gunotesi-sitesi,1,21,4.76%,8.05
https://www.siringayrimenkul.com/mahalleler/yesilova/penta-5,1,21,4.76%,8.95
https://www.siringayrimenkul.com/mahalleler/devlet-mahallesi/adalar/18695-1,1,21,4.76%,9
https://www.siringayrimenkul.com/mahalleler/seker/adalar/46368-9,1,21,4.76%,9.67
https://www.siringayrimenkul.com/mahalleler/seyh-samil/adalar/46269-4,1,20,5%,6.8
https://www.siringayrimenkul.com/mahalleler/cumhuriyet-mahallesi/adalar/63261-1,1,20,5%,8.65
https://www.siringayrimenkul.com/mahalleler/yavuz-selim/adalar/19508-2,1,19,5.26%,6.37
https://www.siringayrimenkul.com/mahalleler/seyh-samil-mahallesi/yeni-burak-sitesi,1,19,5.26%,7.53
https://www.siringayrimenkul.com/mahalleler/seyh-samil-mahallesi/ovgu-iletisim-sitesi,1,19,5.26%,8.16
https://www.siringayrimenkul.com/mahalleler/cumhuriyet/adalar/62659-2,1,19,5.26%,8.84
https://www.siringayrimenkul.com/mahalleler/sehit-osman-avci/adalar/17462-1,1,18,5.56%,7.83
https://www.siringayrimenkul.com/mahalleler/sehit-osman-avci/akin-689-konutlari,1,18,5.56%,7.89
https://www.siringayrimenkul.com/mahalleler/eryaman-mahallesi/eryaman-evleri,1,18,5.56%,8.17
https://www.siringayrimenkul.com/mahalleler/guzelkent-mahallesi/cagdas-sistem-sitesi,1,17,5.88%,5.82
https://www.siringayrimenkul.com/mahalleler/ata-mahallesi/belmi-kent,1,17,5.88%,7.82
https://www.siringayrimenkul.com/mahalleler/sehit-osman-avci/relax-eryaman-konutlari,1,17,5.88%,8.59
https://www.siringayrimenkul.com/mahalleler/goksu-mahallesi/goksu-evleri-sitesi,1,16,6.25%,6.56
https://www.siringayrimenkul.com/mahalleler/sehit-osman-avci/adalar/46643-4,1,16,6.25%,8.06
https://www.siringayrimenkul.com/mahalleler/seyh-samil/adalar/46264-1,1,16,6.25%,8.88
https://www.siringayrimenkul.com/mahalleler/cumhuriyet/adalar/63261-7,1,16,6.25%,9.62
https://www.siringayrimenkul.com/mahalleler/ata/adalar/46212-2,1,16,6.25%,11.12
https://www.siringayrimenkul.com/mahalleler/guzelkent-mahallesi/adalar/18650-1,1,15,6.67%,6.67
https://www.siringayrimenkul.com/mahalleler/yesilova-mahallesi/kardelen-sitesi,1,15,6.67%,7.53
https://www.siringayrimenkul.com/mahalleler/ata-mahallesi/gozde-evler-sitesi,1,15,6.67%,7.8
https://www.siringayrimenkul.com/mahalleler/guzelkent/adalar/18668-1,1,15,6.67%,8.4
https://www.siringayrimenkul.com/mahalleler/devlet-mahallesi/yuceyurt-sitesi,1,14,7.14%,6
https://www.siringayrimenkul.com/mahalleler/ata/mizan-sitesi,1,14,7.14%,6.14
https://www.siringayrimenkul.com/mahalleler/guzelkent-mahallesi/adalar/18468-1,1,14,7.14%,6.64
https://www.siringayrimenkul.com/mahalleler/sehit-osman-avci-mahallesi/atalay-sitesi,1,14,7.14%,6.86
https://www.siringayrimenkul.com/mahalleler/tunahan/adalar/17689-1,1,14,7.14%,7.29
https://www.siringayrimenkul.com/blog/sehit-osman-avci-mahallesinde-yasam,1,14,7.14%,7.64
https://www.siringayrimenkul.com/mahalleler/seker-mahallesi/meydan-cadde,1,14,7.14%,7.71
https://www.siringayrimenkul.com/mahalleler/guzelkent/adalar/18477-1,1,14,7.14%,8.14
https://www.siringayrimenkul.com/mahalleler/susuz/tatli-yamac-palmiye-evleri,1,14,7.14%,8.43
https://www.siringayrimenkul.com/mahalleler/seyh-samil-mahallesi/baris-sitesi,1,13,7.69%,4.31
https://www.siringayrimenkul.com/mahalleler/ata/mercankent-manzara-evleri,1,13,7.69%,4.69
https://www.siringayrimenkul.com/mahalleler/seyh-samil/adalar/17322-1,1,13,7.69%,5.54
https://www.siringayrimenkul.com/blog/evinizi-satisa-hazirlamak,1,13,7.69%,6.31
https://www.siringayrimenkul.com/mahalleler/cumhuriyet/adalar/62672-1,1,13,7.69%,8.69
https://www.siringayrimenkul.com/mahalleler/devlet-mahallesi/adalar/18684-1,1,13,7.69%,8.85
https://www.siringayrimenkul.com/mahalleler/ata/gulkent-konutlari,1,13,7.69%,8.92
https://www.siringayrimenkul.com/mahalleler/eryaman/adalar/45923-1,1,13,7.69%,9.15
https://www.siringayrimenkul.com/mahalleler/yesilova/adalar/47546-3,1,13,7.69%,9.77
https://www.siringayrimenkul.com/mahalleler/cumhuriyet-mahallesi/cakirpark,1,12,8.33%,6.42
https://www.siringayrimenkul.com/mahalleler/tunahan/adalar/17665-1,1,12,8.33%,7.67
https://www.siringayrimenkul.com/mahalleler/seker-mahallesi/adalar/46362-2,1,12,8.33%,9.08
https://www.siringayrimenkul.com/mahalleler/susuz/adalar/63384-1,1,12,8.33%,10.33
https://www.siringayrimenkul.com/mahalleler/sehit-osman-avci-mahallesi/ela-concept-evleri,1,11,9.09%,5
https://www.siringayrimenkul.com/mahalleler/seyh-samil-mahallesi/taniskent-sitesi,1,11,9.09%,7.45
https://www.siringayrimenkul.com/mahalleler/yavuz-selim/adalar/19526-2,1,11,9.09%,8.27
https://www.siringayrimenkul.com/mahalleler/tunahan-mahallesi/adalar/46494-2,1,11,9.09%,8.45
https://www.siringayrimenkul.com/mahalleler/seyh-samil-mahallesi/tepe-bloklari,1,11,9.09%,8.91
https://www.siringayrimenkul.com/mahalleler/guzelkent/adalar/18507-1,1,11,9.09%,10.09
https://www.siringayrimenkul.com/mahalleler/cumhuriyet/adalar/62669-1,1,11,9.09%,10.73
https://www.siringayrimenkul.com/blog/goksu-mahallesinde-yasam,1,10,10%,4.5
https://www.siringayrimenkul.com/mahalleler/altay-mahallesi/adalar/17536-1,1,10,10%,7.1
https://www.siringayrimenkul.com/mahalleler/cumhuriyet/adalar/43264-8,1,10,10%,8
https://www.siringayrimenkul.com/mahalleler/susuz-mahallesi/adalar/63368-6,1,10,10%,8.2
https://www.siringayrimenkul.com/mahalleler/susuz/major-goksu,1,10,10%,8.5
https://www.siringayrimenkul.com/mahalleler/sehit-osman-avci-mahallesi/maybak-sitesi,1,10,10%,13.9
https://www.siringayrimenkul.com/mahalleler/seyh-samil-mahallesi/adalar/17365-1,1,10,10%,16.9
https://www.siringayrimenkul.com/mahalleler/devlet/turkkonut-sinem-sitesi,1,9,11.11%,6.56
https://www.siringayrimenkul.com/mahalleler/yavuz-selim-mahallesi/adalar/46445-1,1,9,11.11%,9.44
https://www.siringayrimenkul.com/mahalleler/yavuz-selim-mahallesi/konut-sitesi,1,9,11.11%,15.44
https://www.siringayrimenkul.com/mahalleler/seker/relax-line,1,8,12.5%,4.5
https://www.siringayrimenkul.com/mahalleler/seyh-samil-mahallesi/etaplar/3,1,8,12.5%,5.75
https://www.siringayrimenkul.com/mahalleler/goksu-mahallesi/ma1-tower,1,8,12.5%,7
https://www.siringayrimenkul.com/mahalleler/tunahan/metromall-sitesi,1,8,12.5%,7.62
https://www.siringayrimenkul.com/mahalleler/seyh-samil-mahallesi/adalar/46489-1,1,8,12.5%,7.75
https://www.siringayrimenkul.com/mahalleler/yavuz-selim/elitnar-cicegi-sitesi,1,8,12.5%,7.88
https://www.siringayrimenkul.com/mahalleler/susuz/alya-park,1,8,12.5%,8.12
https://www.siringayrimenkul.com/mahalleler/yavuz-selim/adalar/46431-1,1,8,12.5%,8.12
https://www.siringayrimenkul.com/mahalleler/ata/adalar/44776-2,1,8,12.5%,9.25
https://www.siringayrimenkul.com/mahalleler/cumhuriyet/botanik-sitesi,1,7,14.29%,5
https://www.siringayrimenkul.com/mahalleler/goksu/adalar/63391-5,1,7,14.29%,5.43
https://www.siringayrimenkul.com/mahalleler/ata-mahallesi/adalar/44765-1,1,7,14.29%,7.86
https://www.siringayrimenkul.com/mahalleler/eryaman-mahallesi/adalar/45924-1,1,6,16.67%,3.5
https://www.siringayrimenkul.com/mahalleler/eryaman/eryaman-evleri,1,6,16.67%,6.33
https://www.siringayrimenkul.com/mahalleler/seyh-samil-mahallesi/adalar/17334-1,1,6,16.67%,6.5
https://www.siringayrimenkul.com/mahalleler/seyh-samil/adalar/17337-1,1,6,16.67%,7.33
https://www.siringayrimenkul.com/mahalleler/goksu/tulip-life,1,6,16.67%,8.17
https://www.siringayrimenkul.com/mahalleler/sehit-osman-avci/adalar/17469-1,1,6,16.67%,9
https://www.siringayrimenkul.com/mahalleler/eryaman/adalar/46528-1,1,5,20%,4
https://www.siringayrimenkul.com/mahalleler/tunahan/adalar/17669-1,1,5,20%,7
https://www.siringayrimenkul.com/mahalleler/guzelkent-mahallesi/adalar/18653-1,1,5,20%,9.6
https://www.siringayrimenkul.com/mahalleler/sehit-osman-avci/adalar/46620-3,1,5,20%,13.4
https://www.siringayrimenkul.com/mahalleler/seyh-samil/adalar/46268-4,1,4,25%,3.25
https://www.siringayrimenkul.com/blog/eryamanda-ev-satis-sureci,1,4,25%,4.25
https://www.siringayrimenkul.com/mahalleler/susuz/adalar/63360-4,1,4,25%,4.75
https://www.siringayrimenkul.com/mahalleler/tunahan/adalar/17647-1,1,4,25%,5.5
https://www.siringayrimenkul.com/mahalleler/ata-mahallesi/adalar/46425-1,1,4,25%,9.75
https://www.siringayrimenkul.com/mahalleler/sehit-osman-avci/adalar/17461-1,1,3,33.33%,7.33
https://www.siringayrimenkul.com/mahalleler/ata-mahallesi/adalar/46195-1,1,3,33.33%,12
https://www.siringayrimenkul.com/mahalleler/guzelkent/adalar/18462-1,1,3,33.33%,12.33
https://www.siringayrimenkul.com/mahalleler/seyh-samil-mahallesi/adalar/17337-1,1,2,50%,3.5
https://www.siringayrimenkul.com/mahalleler/yesilova-mahallesi/barla-konutlari,1,2,50%,3.5
https://www.siringayrimenkul.com/mahalleler/altay-mahallesi/adalar/17502-1,1,2,50%,6.5
https://www.siringayrimenkul.com/mahalleler/susuz/adalar/46185-1,1,2,50%,23
https://www.siringayrimenkul.com/mahalleler/susuz-mahallesi/adalar/46188-1,1,1,100%,1
https://www.siringayrimenkul.com/mahalleler/goksu/adalar/48147-1,1,1,100%,4
https://www.siringayrimenkul.com/mahalleler/susuz/adalar/46186-1,1,1,100%,57
https://www.siringayrimenkul.com/mahalleler/sehit-osman-avci-mahallesi/inci-life-residence,0,286,0%,8.35
https://www.siringayrimenkul.com/mahalleler/seker,0,223,0%,8.92
https://www.siringayrimenkul.com/araclar/tapu-harci-hesaplama,0,179,0%,55.52
https://www.siringayrimenkul.com/mahalleler/goksu-mahallesi/oyak-goksupark,0,177,0%,10.28
https://www.siringayrimenkul.com/mahalleler/cumhuriyet/hittown,0,157,0%,8.94
https://www.siringayrimenkul.com/mahalleler/ata-mahallesi/atasehir-eryaman-konutlari,0,143,0%,10.01
https://www.siringayrimenkul.com/mahalleler/sehit-osman-avci-mahallesi/bordo-life-residence,0,141,0%,8.89
https://www.siringayrimenkul.com/mahalleler/cumhuriyet/ap-istgate,0,138,0%,7.93
https://www.siringayrimenkul.com/mahalleler/ata/beloren-manzara-evleri,0,136,0%,8.69
https://www.siringayrimenkul.com/mahalleler/altay,0,136,0%,10.03
https://www.siringayrimenkul.com/mahalleler/goksu/adalar/63396-1,0,135,0%,7.24
https://www.siringayrimenkul.com/mahalleler/susuz-mahallesi/mahal-cag-sitesi,0,135,0%,8.1
https://www.siringayrimenkul.com/mahalleler/goksu-mahallesi/kasmir-mavi-orkide-sitesi,0,128,0%,9
https://www.siringayrimenkul.com/mahalleler/eryaman/ilke-sitesi,0,124,0%,8.65
https://www.siringayrimenkul.com/mahalleler/eryaman/adalar/45793-15,0,116,0%,7.34
https://www.siringayrimenkul.com/mahalleler/altay-mahallesi/kutlutas-sitesi,0,115,0%,8.83
https://www.siringayrimenkul.com/mahalleler/sehit-osman-avci-mahallesi,0,114,0%,8.71
https://www.siringayrimenkul.com/mahalleler/goksu-mahallesi/aksafak-sitesi,0,112,0%,8.03
https://www.siringayrimenkul.com/mahalleler/ata/zirve-park-konutlari,0,104,0%,8.66
https://www.siringayrimenkul.com/mahalleler/sehit-osman-avci/adalar/46631-3,0,103,0%,8.69
https://www.siringayrimenkul.com/mahalleler/cumhuriyet/cimtas-goksu-konutlari,0,101,0%,6.46
https://www.siringayrimenkul.com/mahalleler/ata/eser-yapi-evleri,0,100,0%,7.37
https://www.siringayrimenkul.com/siteler,0,98,0%,9.4
https://www.siringayrimenkul.com/mahalleler/ata-mahallesi/mutlu-sitesi,0,96,0%,8.93
https://www.siringayrimenkul.com/mahalleler/devlet/ornek-ari-sitesi,0,95,0%,6.93
https://www.siringayrimenkul.com/mahalleler/seker-mahallesi/oasis-rezidans,0,93,0%,8.05
https://www.siringayrimenkul.com/mahalleler/goksu-mahallesi/park-inci-konutlari,0,93,0%,8.92
https://www.siringayrimenkul.com/mahalleler/cumhuriyet/adalar/63265-4,0,92,0%,8.41
https://www.siringayrimenkul.com/mahalleler/susuz/adalar/63929-3,0,92,0%,10.41
https://www.siringayrimenkul.com/mahalleler/goksu-mahallesi/vaditepe-baspinar,0,90,0%,9.01
https://www.siringayrimenkul.com/mahalleler/goksu/adalar/63379-7,0,89,0%,8.92
https://www.siringayrimenkul.com/mahalleler/sehit-osman-avci-mahallesi/adalar/46654-6,0,88,0%,7.65
https://www.siringayrimenkul.com/blog/kira-artisi-nasil-hesaplanir,0,88,0%,47.81
https://www.siringayrimenkul.com/mahalleler/devlet-mahallesi/adalar/18708-1,0,87,0%,8.63
https://www.siringayrimenkul.com/mahalleler/eryaman-mahallesi/intes-dogakent-konutlari,0,86,0%,7.12
https://www.siringayrimenkul.com/mahalleler/yesilova/green-place-residence,0,85,0%,8.59
https://www.siringayrimenkul.com/mahalleler/tunahan-mahallesi/metromall-sitesi,0,84,0%,8.51
https://www.siringayrimenkul.com/mahalleler/goksu-mahallesi,0,83,0%,8.22
https://www.siringayrimenkul.com/mahalleler/cumhuriyet/ahsen-sitesi,0,83,0%,9.28
https://www.siringayrimenkul.com/mahalleler/susuz-mahallesi/eser-yapi-sitesi,0,81,0%,6.15
https://www.siringayrimenkul.com/mahalleler/sehit-osman-avci-mahallesi/goksukent-sitesi,0,80,0%,8.49
https://www.siringayrimenkul.com/mahalleler/cumhuriyet/adalar/62656-1,0,79,0%,9.99
https://www.siringayrimenkul.com/mahalleler/goksu/adalar/46481-1,0,77,0%,9.4
https://www.siringayrimenkul.com/mahalleler/ata-mahallesi/tuana-evleri,0,75,0%,9.76
https://www.siringayrimenkul.com/mahalleler/goksu-mahallesi/admira-goksu-konutlari,0,73,0%,7.41
https://www.siringayrimenkul.com/mahalleler/susuz-mahallesi/paradise-goksu,0,73,0%,8.15
https://www.siringayrimenkul.com/mahalleler/seyh-samil-mahallesi/tekser-bloklari,0,72,0%,7.62
https://www.siringayrimenkul.com/mahalleler/goksu-mahallesi/selale-evleri-sitesi,0,72,0%,8.11
https://www.siringayrimenkul.com/mahalleler/susuz-mahallesi/liva-goksu,0,72,0%,8.74
https://www.siringayrimenkul.com/mahalleler/seker-mahallesi/adalar/46361-7,0,71,0%,7.08
https://www.siringayrimenkul.com/mahalleler/seyh-samil-mahallesi/adalar/46216-1,0,68,0%,7.59
https://www.siringayrimenkul.com/mahalleler/yesilova-mahallesi/penta-5,0,68,0%,7.76
https://www.siringayrimenkul.com/mahalleler/goksu/adalar/63406-1,0,68,0%,8.56
https://www.siringayrimenkul.com/mahalleler/sehit-osman-avci/bulvar-1071-sitesi,0,67,0%,7.96
https://www.siringayrimenkul.com/mahalleler/ata,0,67,0%,8.25
https://www.siringayrimenkul.com/mahalleler/cumhuriyet/astim-metrolife,0,67,0%,8.46
https://www.siringayrimenkul.com/mahalleler/sehit-osman-avci-mahallesi/adalar/46654-5,0,66,0%,7.33
https://www.siringayrimenkul.com/mahalleler/goksu/adalar/46465-1,0,66,0%,8.8
https://www.siringayrimenkul.com/mahalleler/yavuz-selim/adalar/46433-1,0,65,0%,7.89
https://www.siringayrimenkul.com/mahalleler/seyh-samil/adalar/46263-2,0,64,0%,5.45
https://www.siringayrimenkul.com/mahalleler/susuz/eser-yapi-sitesi,0,64,0%,7.78
https://www.siringayrimenkul.com/mahalleler/guzelkent/adalar/18504-1,0,64,0%,8.45
https://www.siringayrimenkul.com/mahalleler/tunahan-mahallesi/klima-bloklari,0,63,0%,8.65
https://www.siringayrimenkul.com/mahalleler/susuz/park-goksu-konutlari,0,63,0%,8.98
https://www.siringayrimenkul.com/mahalleler/eryaman/yeni-portakal-cicegi-sitesi,0,62,0%,9.95
https://www.siringayrimenkul.com/mahalleler/altay-mahallesi,0,61,0%,8.15
https://www.siringayrimenkul.com/mahalleler/sehit-osman-avci/vera-city,0,60,0%,7.2
https://www.siringayrimenkul.com/mahalleler/susuz/perla-life,0,60,0%,7.25
https://www.siringayrimenkul.com/mahalleler/guzelkent/buyuk-ankara-sitesi,0,58,0%,6.84
https://www.siringayrimenkul.com/mahalleler/sehit-osman-avci/neva-butik-home,0,58,0%,6.9
https://www.siringayrimenkul.com/mahalleler/yavuz-selim-mahallesi/utku-sitesi,0,58,0%,7.88
https://www.siringayrimenkul.com/blog/emlakci-komisyonu-nasil-isler,0,58,0%,15.78
https://www.siringayrimenkul.com/mahalleler/cumhuriyet-mahallesi/adalar/62689-2,0,57,0%,9.32
https://www.siringayrimenkul.com/mahalleler/ata/adalar/46430-1,0,56,0%,6.88
https://www.siringayrimenkul.com/mahalleler/ata-mahallesi/adalar/46407-1,0,56,0%,7.7
https://www.siringayrimenkul.com/mahalleler/seker/altas-relax-line,0,56,0%,8.21
https://www.siringayrimenkul.com/mahalleler/cumhuriyet/akasya-sitesi,0,56,0%,8.29
https://www.siringayrimenkul.com/mahalleler/goksu/maybak-konutlari,0,56,0%,10.36
https://www.siringayrimenkul.com/mahalleler/ata-mahallesi/adalar/46411-1,0,55,0%,6.47
https://www.siringayrimenkul.com/mahalleler/cumhuriyet/hityenibati-haktanir-konutlari,0,55,0%,6.64
https://www.siringayrimenkul.com/mahalleler/guzelkent/er-ay-3-sitesi,0,55,0%,7.93
https://www.siringayrimenkul.com/mahalleler/yesilova-mahallesi/green-hill,0,55,0%,8.07
https://www.siringayrimenkul.com/mahalleler/goksu/gsv-spor-sitesi,0,54,0%,7.3
https://www.siringayrimenkul.com/mahalleler/seyh-samil-mahallesi/bizim-alperenler-sitesi,0,54,0%,8.07
https://www.siringayrimenkul.com/mahalleler/ata-mahallesi/ruyakent-sitesi,0,54,0%,8.81
https://www.siringayrimenkul.com/mahalleler/ata/havuz-kent,0,53,0%,8.19
https://www.siringayrimenkul.com/mahalleler/cumhuriyet-mahallesi/adalar/43259-7,0,53,0%,8.49
https://www.siringayrimenkul.com/mahalleler/tunahan/adalar/17648-1,0,53,0%,9.13
https://www.siringayrimenkul.com/mahalleler/ata/caglar-belde-sitesi,0,52,0%,5.73
https://www.siringayrimenkul.com/mahalleler/susuz/neovadi-konutlari,0,51,0%,7.65
https://www.siringayrimenkul.com/mahalleler/susuz/yildiz-life,0,50,0%,7.38
https://www.siringayrimenkul.com/mahalleler/seyh-samil/taniskent-sitesi,0,50,0%,7.76
https://www.siringayrimenkul.com/mahalleler/devlet-mahallesi/bayrak-sitesi,0,50,0%,7.84
https://www.siringayrimenkul.com/mahalleler/sehit-osman-avci-mahallesi/adalar/46652-1,0,50,0%,8
https://www.siringayrimenkul.com/mahalleler/sehit-osman-avci-mahallesi/adalar/46631-1,0,49,0%,7.49
https://www.siringayrimenkul.com/mahalleler/cumhuriyet/ap-ist-port,0,49,0%,7.82
https://www.siringayrimenkul.com/mahalleler/eryaman-mahallesi/bahar-sitesi,0,48,0%,8.19
https://www.siringayrimenkul.com/mahalleler/guzelkent-mahallesi/akkonak-sitesi,0,48,0%,8.58
https://www.siringayrimenkul.com/mahalleler/cumhuriyet/ata-yildiz-bati-konutlari,0,47,0%,8.04
https://www.siringayrimenkul.com/mahalleler/eryaman/adalar/46391-1,0,47,0%,9.6
https://www.siringayrimenkul.com/mahalleler/yesilova-mahallesi,0,47,0%,11.04
https://www.siringayrimenkul.com/mahalleler/susuz-mahallesi/adalar/63384-1,0,46,0%,7.57
https://www.siringayrimenkul.com/mahalleler/susuz/adalar/63331-4,0,46,0%,7.96
https://www.siringayrimenkul.com/mahalleler/cumhuriyet/golde-luxe-konutlari,0,46,0%,8.63
https://www.siringayrimenkul.com/mahalleler/susuz-mahallesi/lilyum-sitesi,0,46,0%,8.63
https://www.siringayrimenkul.com/mahalleler/seyh-samil-mahallesi/eston-bloklari,0,46,0%,9.33
https://www.siringayrimenkul.com/mahalleler/seker-mahallesi/adalar/46368-11,0,46,0%,9.65
https://www.siringayrimenkul.com/mahalleler/altay-mahallesi/erland-residence,0,45,0%,5.84
https://www.siringayrimenkul.com/mahalleler/seker/rainbow-sitesi,0,45,0%,6.71
https://www.siringayrimenkul.com/mahalleler/sehit-osman-avci-mahallesi/zekioglu-rezidans,0,45,0%,6.89
https://www.siringayrimenkul.com/mahalleler/goksu/adalar/63380-2,0,45,0%,7.49
https://www.siringayrimenkul.com/mahalleler/guzelkent/gokkusagi-sitesi,0,45,0%,7.62
https://www.siringayrimenkul.com/mahalleler/goksu-mahallesi/sergoksu-konutlari,0,45,0%,7.69
https://www.siringayrimenkul.com/mahalleler/ata-mahallesi/adalar/44754-3,0,45,0%,8.51
https://www.siringayrimenkul.com/blog/miras-kalan-ev-nasil-satilir,0,45,0%,13.04
https://www.siringayrimenkul.com/mahalleler/susuz/korucam-sitesi,0,44,0%,6
https://www.siringayrimenkul.com/mahalleler/seyh-samil/adalar/46272-1,0,44,0%,9.2
https://www.siringayrimenkul.com/mahalleler/ata/panorama-gold,0,44,0%,9.64
https://www.siringayrimenkul.com/mahalleler/ata/adalar/46214-1,0,43,0%,9.28
https://www.siringayrimenkul.com/mahalleler/seyh-samil-mahallesi/alarko-bloklari,0,43,0%,10.23
https://www.siringayrimenkul.com/mahalleler/yavuz-selim-mahallesi/kirkayak-sitesi,0,42,0%,8.31
https://www.siringayrimenkul.com/mahalleler/altay-mahallesi/adalar/46403-5,0,42,0%,8.86
https://www.siringayrimenkul.com/mahalleler/yavuz-selim/adalar/46237-1,0,42,0%,9.38
https://www.siringayrimenkul.com/mahalleler/yavuz-selim/adalar/46432-1,0,42,0%,9.45
https://www.siringayrimenkul.com/hakkimizda,0,42,0%,10.57
https://www.siringayrimenkul.com/mahalleler/sehit-osman-avci-mahallesi/intes-sitesi,0,41,0%,6.66
https://www.siringayrimenkul.com/mahalleler/sehit-osman-avci/gungorler-tower,0,41,0%,7.07
https://www.siringayrimenkul.com/mahalleler/susuz-mahallesi/sky-goksu,0,41,0%,7.68
https://www.siringayrimenkul.com/mahalleler/guzelkent-mahallesi/adalar/18652-1,0,41,0%,8.51
https://www.siringayrimenkul.com/mahalleler/ata/hansa-sitesi,0,40,0%,6.25
https://www.siringayrimenkul.com/mahalleler/sehit-osman-avci/camlik-sitesi,0,40,0%,6.78
https://www.siringayrimenkul.com/mahalleler/susuz/serline-konutlari,0,40,0%,7.12
https://www.siringayrimenkul.com/mahalleler/susuz/liva-goksu,0,40,0%,7.2
https://www.siringayrimenkul.com/mahalleler/goksu/adalar/63388-3,0,40,0%,7.25
https://www.siringayrimenkul.com/mahalleler/ata-mahallesi/adalar/46430-1,0,40,0%,7.78
https://www.siringayrimenkul.com/mahalleler/yavuz-selim-mahallesi/sahil-kent-sitesi,0,40,0%,8.15
https://www.siringayrimenkul.com/mahalleler/seker-mahallesi/adalar/46360-3,0,40,0%,10.07
https://www.siringayrimenkul.com/mahalleler/cumhuriyet/ciglik-sitesi,0,39,0%,6.18
https://www.siringayrimenkul.com/mahalleler/susuz-mahallesi/dostlar-birikim-sitesi,0,39,0%,6.54
https://www.siringayrimenkul.com/mahalleler/ata/guldede-sitesi,0,39,0%,6.85
https://www.siringayrimenkul.com/mahalleler/devlet-mahallesi/adalar/18678-1,0,39,0%,7.72
https://www.siringayrimenkul.com/mahalleler/guzelkent/sahinbey-sitesi,0,39,0%,7.92
https://www.siringayrimenkul.com/mahalleler/seker/zirve-loft,0,39,0%,7.92
https://www.siringayrimenkul.com/mahalleler/eryaman/adalar/46385-5,0,39,0%,9.33
https://www.siringayrimenkul.com/mahalleler/tunahan/tunahan-sitesi,0,39,0%,11.36
https://www.siringayrimenkul.com/mahalleler/guzelkent-mahallesi/yenigun-isigi-sitesi,0,38,0%,6.97
https://www.siringayrimenkul.com/mahalleler/guzelkent/adalar/18465-1,0,38,0%,7.34
https://www.siringayrimenkul.com/mahalleler/sehit-osman-avci/adalar/46656-3,0,38,0%,8.37
https://www.siringayrimenkul.com/mahalleler/goksu/adalar/46482-1,0,38,0%,9.18
https://www.siringayrimenkul.com/mahalleler/yavuz-selim-mahallesi/karkoy-villalari,0,38,0%,9.24
https://www.siringayrimenkul.com/mahalleler/ata-mahallesi/senser-sitesi,0,37,0%,5.62
https://www.siringayrimenkul.com/mahalleler/seker-mahallesi/adalar/45064-16,0,37,0%,7.57
https://www.siringayrimenkul.com/mahalleler/guzelkent/adalar/18666-1,0,37,0%,7.76
https://www.siringayrimenkul.com/mahalleler/susuz-mahallesi/cag-life-sitesi,0,37,0%,7.84
https://www.siringayrimenkul.com/mahalleler/eryaman-mahallesi/adalar/45926-3,0,37,0%,7.95
https://www.siringayrimenkul.com/mahalleler/ata-mahallesi/adalar/46418-1,0,37,0%,9.03
https://www.siringayrimenkul.com/mahalleler/cumhuriyet/astim-flora-evleri,0,37,0%,9.57
https://www.siringayrimenkul.com/blog/ev-satarken-gerekli-evraklar,0,37,0%,31.46
https://www.siringayrimenkul.com/mahalleler/altay-mahallesi/adalar/45897-4,0,36,0%,6.69
https://www.siringayrimenkul.com/mahalleler/susuz/nil-my-home,0,36,0%,7.19
https://www.siringayrimenkul.com/mahalleler/eryaman/adalar/46541-1,0,36,0%,8
https://www.siringayrimenkul.com/mahalleler/yavuz-selim/adalar/46233-1,0,36,0%,9.5
https://www.siringayrimenkul.com/mahalleler/eryaman-mahallesi/ankapark-konutlari,0,36,0%,9.64
https://www.siringayrimenkul.com/mahalleler/seyh-samil/adalar/46216-1,0,35,0%,8.03
https://www.siringayrimenkul.com/mahalleler/ata-mahallesi/ada-loft-eryaman,0,35,0%,8.06
https://www.siringayrimenkul.com/mahalleler/sehit-osman-avci-mahallesi/safir-rezidans,0,35,0%,9.03
https://www.siringayrimenkul.com/mahalleler/cumhuriyet/adalar/62662-2,0,35,0%,10.66
https://www.siringayrimenkul.com/mahalleler/ata/sogut-bahce-konutlari,0,35,0%,11.63
https://www.siringayrimenkul.com/mahalleler/susuz/adalar/64527-1,0,35,0%,12.49
https://www.siringayrimenkul.com/mahalleler/yesilova/alpar-sitesi,0,34,0%,6.03
https://www.siringayrimenkul.com/mahalleler/cumhuriyet-mahallesi/yesil-koru-sitesi,0,34,0%,6.47
https://www.siringayrimenkul.com/mahalleler/cumhuriyet-mahallesi/adalar/63261-7,0,34,0%,7.06
https://www.siringayrimenkul.com/mahalleler/guzelkent/cagdas-95-sitesi,0,34,0%,7.09
https://www.siringayrimenkul.com/mahalleler/goksu-mahallesi/doga-konutlari,0,34,0%,7.12
https://www.siringayrimenkul.com/mahalleler/cumhuriyet-mahallesi/guzel-belde-sitesi,0,34,0%,7.74
https://www.siringayrimenkul.com/mahalleler/sehit-osman-avci/adalar/46631-1,0,34,0%,9.5
https://www.siringayrimenkul.com/mahalleler/sehit-osman-avci/adalar/46659-6,0,34,0%,10.79
https://www.siringayrimenkul.com/mahalleler/ata-mahallesi/baskent-sitesi,0,33,0%,6.52
https://www.siringayrimenkul.com/mahalleler/yesilova-mahallesi/dogan-life,0,33,0%,6.64
https://www.siringayrimenkul.com/mahalleler/guzelkent-mahallesi/eryapi-sitesi,0,33,0%,6.76
https://www.siringayrimenkul.com/mahalleler/ata-mahallesi/guzel-akyuzum-sitesi,0,33,0%,7.48
https://www.siringayrimenkul.com/mahalleler/seker-mahallesi/adalar/46363-1,0,33,0%,7.85
https://www.siringayrimenkul.com/mahalleler/goksu/adalar/46453-1,0,33,0%,8.79
https://www.siringayrimenkul.com/mahalleler/seker-mahallesi/adalar/46368-10,0,33,0%,9.03
https://www.siringayrimenkul.com/mahalleler/guzelkent-mahallesi/guzel-ankara-sitesi,0,33,0%,9.06
https://www.siringayrimenkul.com/mahalleler/susuz/green-life-goksu-konutlari,0,32,0%,5.69
https://www.siringayrimenkul.com/mahalleler/seker-mahallesi/golden-life-residence,0,32,0%,5.75
https://www.siringayrimenkul.com/mahalleler/guzelkent-mahallesi/kosk-sitesi,0,32,0%,6.5
https://www.siringayrimenkul.com/mahalleler/yavuz-selim/ilkiz-sitesi,0,32,0%,6.56
https://www.siringayrimenkul.com/mahalleler/guzelkent/adalar/18484-1,0,32,0%,8.06
https://www.siringayrimenkul.com/mahalleler/ata/arikovani-sitesi,0,32,0%,8.09
https://www.siringayrimenkul.com/mahalleler/tunahan-mahallesi/adalar/46503-2,0,32,0%,8.81
https://www.siringayrimenkul.com/mahalleler/goksu/adalar/63933-2,0,32,0%,9.12
https://www.siringayrimenkul.com/mahalleler/tunahan/adalar/17661-1,0,32,0%,9.41
https://www.siringayrimenkul.com/mahalleler/devlet-mahallesi/adalar/18707-1,0,32,0%,9.53
https://www.siringayrimenkul.com/mahalleler/ata/adalar/44772-1,0,32,0%,10.38
https://www.siringayrimenkul.com/mahalleler/cumhuriyet-mahallesi/adalar/43252-5,0,32,0%,10.5
https://www.siringayrimenkul.com/mahalleler/yavuz-selim-mahallesi/sacak-91-sitesi,0,31,0%,5.1
https://www.siringayrimenkul.com/mahalleler/sehit-osman-avci-mahallesi/garden-zirve,0,31,0%,5.71
https://www.siringayrimenkul.com/mahalleler/yesilova-mahallesi/eryaman-port,0,31,0%,6.55
https://www.siringayrimenkul.com/mahalleler/guzelkent-mahallesi/anadolu-sitesi,0,31,0%,7.06
https://www.siringayrimenkul.com/mahalleler/devlet-mahallesi/betim-sitesi,0,31,0%,7.42
https://www.siringayrimenkul.com/mahalleler/goksu-mahallesi/koru-eryaman,0,31,0%,8.77
https://www.siringayrimenkul.com/mahalleler/yavuz-selim-mahallesi/yeni-ilkay-sitesi,0,31,0%,9
https://www.siringayrimenkul.com/mahalleler/ata/adalar/44764-3,0,31,0%,9.03
https://www.siringayrimenkul.com/mahalleler/tunahan-mahallesi/soyak-sitesi,0,31,0%,9.06
https://www.siringayrimenkul.com/mahalleler/yavuz-selim-mahallesi/adalar/46439-1,0,31,0%,9.97
https://www.siringayrimenkul.com/mahalleler/guzelkent/adalar/18669-1,0,31,0%,10.55
https://www.siringayrimenkul.com/mahalleler/susuz-mahallesi/adalar/63352-2,0,30,0%,7.53
https://www.siringayrimenkul.com/mahalleler/ata-mahallesi/adalar/45836-1,0,30,0%,8.37
https://www.siringayrimenkul.com/mahalleler/cumhuriyet/adalar/62677-1,0,30,0%,8.37
https://www.siringayrimenkul.com/mahalleler/cumhuriyet/park-sera-evleri,0,30,0%,8.43
https://www.siringayrimenkul.com/mahalleler/cumhuriyet-mahallesi/hotki-bulvar,0,30,0%,9.3
https://www.siringayrimenkul.com/mahalleler/goksu-mahallesi/bordo-loca,0,30,0%,9.53
https://www.siringayrimenkul.com/mahalleler/goksu-mahallesi/enday-sitesi,0,30,0%,10.57
https://www.siringayrimenkul.com/mahalleler/yavuz-selim-mahallesi/guz-gol-sitesi,0,30,0%,40.07
https://www.siringayrimenkul.com/mahalleler/eryaman-mahallesi/hassas-cizgi-sitesi,0,29,0%,4.97
https://www.siringayrimenkul.com/mahalleler/altay-mahallesi/cabadag-bloklari,0,29,0%,6.17
https://www.siringayrimenkul.com/mahalleler/cumhuriyet-mahallesi/adalar/62690-3,0,29,0%,6.48
https://www.siringayrimenkul.com/mahalleler/yesilova/adalar/47541-3,0,29,0%,6.69
https://www.siringayrimenkul.com/mahalleler/altay/adalar/45889-2,0,29,0%,7.52
https://www.siringayrimenkul.com/mahalleler/devlet/arslanlar-sitesi,0,29,0%,7.66
https://www.siringayrimenkul.com/mahalleler/guzelkent/adalar/18642-1,0,29,0%,8.14
https://www.siringayrimenkul.com/mahalleler/sehit-osman-avci-mahallesi/adalar/46653-1,0,29,0%,8.31
https://www.siringayrimenkul.com/mahalleler/goksu/adalar/46457-1,0,29,0%,8.41
https://www.siringayrimenkul.com/mahalleler/cumhuriyet/yesil-koru-sitesi,0,29,0%,8.76
https://www.siringayrimenkul.com/mahalleler/yesilova/kayra-loft,0,29,0%,8.93
https://www.siringayrimenkul.com/mahalleler/seyh-samil/adalar/46486-2,0,29,0%,8.97
https://www.siringayrimenkul.com/mahalleler/yavuz-selim/adalar/46238-1,0,29,0%,10.97
https://www.siringayrimenkul.com/mahalleler/devlet/alis-sitesi,0,28,0%,7.71
https://www.siringayrimenkul.com/mahalleler/cumhuriyet/wind-goksu,0,28,0%,8.07
https://www.siringayrimenkul.com/mahalleler/yavuz-selim-mahallesi/eylul-evleri,0,28,0%,8.64
https://www.siringayrimenkul.com/mahalleler/cumhuriyet/adalar/43259-7,0,28,0%,8.75
https://www.siringayrimenkul.com/mahalleler/yavuz-selim-mahallesi/adalar/46233-1,0,28,0%,8.75
https://www.siringayrimenkul.com/mahalleler/seyh-samil/adalar/46489-1,0,28,0%,8.93
https://www.siringayrimenkul.com/mahalleler/yavuz-selim/adalar/46239-1,0,28,0%,9.07
https://www.siringayrimenkul.com/mahalleler/susuz/mavera-goksu,0,28,0%,9.32
https://www.siringayrimenkul.com/mahalleler/guzelkent/yesimkent,0,28,0%,9.39
https://www.siringayrimenkul.com/siteler/yenimahalle,0,28,0%,9.57
https://www.siringayrimenkul.com/mahalleler/cumhuriyet/adalar/43252-5,0,28,0%,10.43
https://www.siringayrimenkul.com/blog/seyh-samil-mahallesinde-yasam,0,27,0%,4.07
https://www.siringayrimenkul.com/mahalleler/yesilova/adalar/47568-5,0,27,0%,5.93
https://www.siringayrimenkul.com/mahalleler/seyh-samil/yagan-kent,0,27,0%,7.44
https://www.siringayrimenkul.com/mahalleler/seker-mahallesi,0,27,0%,7.56
https://www.siringayrimenkul.com/mahalleler/ata/kozlar-towers,0,27,0%,7.78
https://www.siringayrimenkul.com/mahalleler/sehit-osman-avci/mia-concept-konutlari,0,27,0%,7.85
https://www.siringayrimenkul.com/mahalleler/yavuz-selim/adalar/47614-1,0,27,0%,8.41
https://www.siringayrimenkul.com/mahalleler/goksu-mahallesi/golkent-sitesi,0,27,0%,8.93
https://www.siringayrimenkul.com/mahalleler/susuz/ap-forest-gate,0,27,0%,9.11
https://www.siringayrimenkul.com/mahalleler/seyh-samil/adalar/46487-5,0,27,0%,9.56
https://www.siringayrimenkul.com/mahalleler/cumhuriyet-mahallesi/adalar/62673-1,0,27,0%,9.93
https://www.siringayrimenkul.com/mahalleler/guzelkent/adalar/18485-1,0,27,0%,10.07
https://www.siringayrimenkul.com/mahalleler/devlet-mahallesi/adalar/18689-1,0,26,0%,6.85
https://www.siringayrimenkul.com/mahalleler/susuz/basak-life,0,26,0%,7.31
https://www.siringayrimenkul.com/mahalleler/yavuz-selim-mahallesi/kardelen-sitesi,0,26,0%,7.35
https://www.siringayrimenkul.com/mahalleler/ata/adalar/44763-4,0,26,0%,8.04
https://www.siringayrimenkul.com/mahalleler/tunahan-mahallesi/adalar/46512-9,0,26,0%,9.38
https://www.siringayrimenkul.com/mahalleler/ata/adalar/44752-2,0,26,0%,9.5
https://www.siringayrimenkul.com/mahalleler/yavuz-selim/adalar/47603-1,0,26,0%,9.96
https://www.siringayrimenkul.com/mahalleler/susuz/starlife,0,25,0%,6.72
https://www.siringayrimenkul.com/mahalleler/yavuz-selim-mahallesi/adalar/46434-1,0,25,0%,7.32
https://www.siringayrimenkul.com/mahalleler/susuz-mahallesi/adalar/63360-1,0,25,0%,7.8
https://www.siringayrimenkul.com/mahalleler/tunahan-mahallesi/adalar/45878-2,0,25,0%,7.88
https://www.siringayrimenkul.com/mahalleler/guzelkent/adalar/18521-1,0,25,0%,8
https://www.siringayrimenkul.com/mahalleler/eryaman-mahallesi/akkonaklar-sitesi,0,25,0%,8.16
https://www.siringayrimenkul.com/mahalleler/tunahan-mahallesi/adalar/17636-1,0,25,0%,8.6
https://www.siringayrimenkul.com/mahalleler/cumhuriyet-mahallesi/altin-basak-konutlari,0,25,0%,8.84
https://www.siringayrimenkul.com/mahalleler/cumhuriyet/adalar/62659-1,0,25,0%,8.96
https://www.siringayrimenkul.com/mahalleler/yavuz-selim/adalar/46230-1,0,25,0%,9.52
https://www.siringayrimenkul.com/mahalleler/eryaman/adalar/46534-2,0,25,0%,9.64
https://www.siringayrimenkul.com/mahalleler/ata-mahallesi/adalar/46432-1,0,25,0%,9.76
https://www.siringayrimenkul.com/mahalleler/guzelkent/adalar/18450-1,0,25,0%,9.76
https://www.siringayrimenkul.com/mahalleler/cumhuriyet/adalar/62692-1,0,25,0%,10.6
https://www.siringayrimenkul.com/mahalleler/goksu-mahallesi/adalar/46478-1,0,25,0%,19.44
https://www.siringayrimenkul.com/mahalleler/susuz-mahallesi/starlife,0,24,0%,6.21
https://www.siringayrimenkul.com/mahalleler/yesilova/dogan-life,0,24,0%,6.79
https://www.siringayrimenkul.com/mahalleler/sehit-osman-avci-mahallesi/kazim-sari-sitesi,0,24,0%,7
https://www.siringayrimenkul.com/mahalleler/altay/adalar/46404-1,0,24,0%,7.5
https://www.siringayrimenkul.com/mahalleler/yesilova-mahallesi/adalar/47563-7,0,24,0%,8.33
https://www.siringayrimenkul.com/mahalleler/tunahan/adalar/17703-1,0,24,0%,9.04
https://www.siringayrimenkul.com/mahalleler/eryaman-mahallesi/adalar/46540-1,0,24,0%,9.33
https://www.siringayrimenkul.com/mahalleler/tunahan-mahallesi/adalar/17689-1,0,24,0%,9.67
https://www.siringayrimenkul.com/mahalleler/yavuz-selim-mahallesi/adalar/47603-1,0,24,0%,10.08
https://www.siringayrimenkul.com/blog/kiracili-ev-satilir-mi,0,24,0%,16.58
https://www.siringayrimenkul.com/mahalleler/susuz-mahallesi/korucam-sitesi,0,23,0%,5.96
https://www.siringayrimenkul.com/mahalleler/goksu-mahallesi/goksu-aura-sitesi,0,23,0%,7.7
https://www.siringayrimenkul.com/mahalleler/susuz/adalar/63268-3,0,23,0%,8.04
https://www.siringayrimenkul.com/mahalleler/yavuz-selim/adalar/19540-1,0,23,0%,8.04
https://www.siringayrimenkul.com/mahalleler/tunahan-mahallesi/adalar/46514-2,0,23,0%,8.48
https://www.siringayrimenkul.com/mahalleler/susuz/adalar/64515-3,0,23,0%,8.65
https://www.siringayrimenkul.com/mahalleler/yesilova/adalar/46395-6,0,23,0%,8.7
https://www.siringayrimenkul.com/mahalleler/eryaman/adalar/46533-1,0,23,0%,8.74
https://www.siringayrimenkul.com/mahalleler/goksu-mahallesi/adalar/46456-1,0,23,0%,8.96
https://www.siringayrimenkul.com/mahalleler/yesilova/adalar/47550-3,0,23,0%,9
https://www.siringayrimenkul.com/mahalleler/cumhuriyet/adalar/62660-1,0,23,0%,9.04
https://www.siringayrimenkul.com/mahalleler/cumhuriyet-mahallesi/adalar/43267-1,0,23,0%,9.48
https://www.siringayrimenkul.com/mahalleler/goksu/adalar/48146-1,0,23,0%,9.48
https://www.siringayrimenkul.com/mahalleler/goksu/adalar/46467-1,0,23,0%,10.13
https://www.siringayrimenkul.com/mahalleler/tunahan-mahallesi/adalar/46499-2,0,23,0%,10.26
https://www.siringayrimenkul.com/blog/seker-mahallesinde-yasam,0,22,0%,5.05
https://www.siringayrimenkul.com/mahalleler/seker/address-enda,0,22,0%,8.09
https://www.siringayrimenkul.com/mahalleler/susuz-mahallesi/adalar/63268-3,0,22,0%,8.41
https://www.siringayrimenkul.com/mahalleler/yavuz-selim-mahallesi/metrokent-villalari,0,22,0%,8.41
https://www.siringayrimenkul.com/mahalleler/sehit-osman-avci-mahallesi/adalar/46642-5,0,22,0%,8.5
https://www.siringayrimenkul.com/mahalleler/goksu-mahallesi/adalar/63388-3,0,22,0%,8.64
https://www.siringayrimenkul.com/mahalleler/seyh-samil/tepe-bloklari,0,22,0%,8.73
https://www.siringayrimenkul.com/mahalleler/sehit-osman-avci-mahallesi/adalar/46651-6,0,22,0%,9
https://www.siringayrimenkul.com/mahalleler/seyh-samil/adalar/46275-1,0,22,0%,9.09
https://www.siringayrimenkul.com/mahalleler/eryaman/adalar/45918-2,0,22,0%,9.41
https://www.siringayrimenkul.com/mahalleler/sehit-osman-avci/adalar/46660-1,0,22,0%,9.41
https://www.siringayrimenkul.com/mahalleler/sehit-osman-avci/adalar/46622-1,0,22,0%,12.64
https://www.siringayrimenkul.com/mahalleler/sehit-osman-avci-mahallesi/gungorler-tower,0,21,0%,4.86
https://www.siringayrimenkul.com/mahalleler/devlet-mahallesi/guneyce-sitesi,0,21,0%,6.76
https://www.siringayrimenkul.com/mahalleler/yesilova-mahallesi/adalar/47538-1,0,21,0%,7.62
https://www.siringayrimenkul.com/mahalleler/devlet-mahallesi/turkkonut-istas-sitesi,0,21,0%,8.38
https://www.siringayrimenkul.com/mahalleler/devlet-mahallesi/adalar/18694-1,0,21,0%,9.33
https://www.siringayrimenkul.com/mahalleler/yavuz-selim-mahallesi/yukselen-sitesi,0,21,0%,9.62
https://www.siringayrimenkul.com/mahalleler/guzelkent/adalar/18489-1,0,21,0%,9.71
https://www.siringayrimenkul.com/mahalleler/susuz/adalar/63360-1,0,21,0%,9.81
https://www.siringayrimenkul.com/mahalleler/tunahan-mahallesi/adalar/17703-1,0,21,0%,10.1
https://www.siringayrimenkul.com/mahalleler/yavuz-selim/adalar/19502-1,0,21,0%,10.57
https://www.siringayrimenkul.com/mahalleler/susuz/adalar/63340-6,0,21,0%,11.81
https://www.siringayrimenkul.com/mahalleler/ata/adalar/46417-3,0,21,0%,12.33
https://www.siringayrimenkul.com/mahalleler/altay-mahallesi/ataturk-sitesi,0,20,0%,4.9
https://www.siringayrimenkul.com/mahalleler/sehit-osman-avci-mahallesi/odevci-sitesi,0,20,0%,5.95
https://www.siringayrimenkul.com/mahalleler/altay-mahallesi/oasis-tower,0,20,0%,6.35
https://www.siringayrimenkul.com/mahalleler/sehit-osman-avci/adalar/46651-5,0,20,0%,6.8
https://www.siringayrimenkul.com/mahalleler/altay-mahallesi/adalar/45898-3,0,20,0%,7.2
https://www.siringayrimenkul.com/mahalleler/sehit-osman-avci/adalar/46642-5,0,20,0%,7.3
https://www.siringayrimenkul.com/mahalleler/goksu/ilgaz-life,0,20,0%,7.4
https://www.siringayrimenkul.com/mahalleler/ata/genova,0,20,0%,7.5
https://www.siringayrimenkul.com/mahalleler/seyh-samil/adalar/17367-1,0,20,0%,7.7
https://www.siringayrimenkul.com/mahalleler/cumhuriyet/yeni-botanik-sitesi,0,20,0%,8
https://www.siringayrimenkul.com/mahalleler/eryaman-mahallesi/maximum-konutlari,0,20,0%,8.25