En çok yapılan sorgular,Tıklamalar,Gösterimler,TO,Pozisyon
eryaman emlakçı,16,243,6.58%,2.67
şirin gayrimenkul,14,89,15.73%,2.38
eryaman emlak,13,94,13.83%,2.22
efsane evleri satılık daire,10,40,25%,3.75
panorama garden satılık,10,39,25.64%,4.08
endora batı satılık,8,59,13.56%,5.95
elit nar çiçeği sitesi satılık daire,7,26,26.92%,6.88
ttbs sorgulama,6,205,2.93%,10.37
endora plus satılık daire,6,49,12.24%,5.04
maviçam sitesi kiralık,6,32,18.75%,4.06
natura göksu satılık,5,132,3.79%,8.1
konum eryaman satılık,5,94,5.32%,6.48
zen park göksu satılık,5,44,11.36%,5.16
bordo platinum kiralık 1+1,5,30,16.67%,5
eryaman royal city satılık daire,5,28,17.86%,7.29
lenora göksu satılık,5,21,23.81%,4.33
eryaman başak sitesi satılık daire,5,13,38.46%,4.92
lenora göksu,4,81,4.94%,9.36
maviler ipek,4,58,6.9%,5.19
endora plus eryaman satılık daire,4,50,8%,7.1
address eryaman satılık,4,46,8.7%,6.52
paşa evleri satılık daire,4,31,12.9%,5.94
karma modern satılık,4,30,13.33%,5.43
lenora nefes satılık,4,22,18.18%,9.23
sermina life satılık daire,4,13,30.77%,5.46
relax göksu kiralık,3,150,2%,6.72
natura göksu kiralık,3,63,4.76%,8.43
endora plus satılık,3,61,4.92%,4.54
karma modern sitesi,3,56,5.36%,6.73
royal city eryaman,3,55,5.45%,8.45
mes polaris satılık,3,49,6.12%,4.63
plus life ankara,3,39,7.69%,9.64
zen park plus satılık,3,34,8.82%,6.56
selvi evleri satılık daire,3,33,9.09%,5
aker mücevher evleri satılık,3,33,9.09%,5.48
alina konutları,3,31,9.68%,6.23
umut yapı sitesi,3,27,11.11%,5.52
konum eryaman satılık daire,3,25,12%,7.44
eryaman atakent vadi sitesi kiralık daire,3,24,12.5%,5.96
mood altınok kiralık,3,23,13.04%,3.74
eryaman siyah beyaz evler satılık,3,19,15.79%,3.95
ikizler sitesi eryaman,3,19,15.79%,5.47
dema park,3,17,17.65%,9.94
mercan smart house satılık,3,16,18.75%,5.19
aker mücevher evleri kiralık,3,11,27.27%,6.91
vera point satılık daire,3,11,27.27%,7.27
natura göksu satılık daire,3,10,30%,13.7
selvi evleri,2,217,0.92%,8.19
emlakçı yetki belgesi sorgulama,2,147,1.36%,7.28
armoni life sitesi,2,120,1.67%,9.6
endora plus sitesi,2,102,1.96%,6.84
örnek arı sitesi,2,94,2.13%,7.65
bordo platinum,2,67,2.99%,9.27
demirel park evleri,2,66,3.03%,6.91
konar manzara evleri,2,63,3.17%,7.98
vera west,2,60,3.33%,8.58
hittown satılık 2+1,2,50,4%,6.74
vizyon tower kiralık,2,43,4.65%,5.28
alpak neva armonia kiralık,2,43,4.65%,6.19
dostlar birikim sitesi,2,43,4.65%,7.26
nil my home satılık,2,37,5.41%,3.73
atadostlar sitesi,2,37,5.41%,8.92
inci park evleri satılık şeyh şamil mahallesi,2,36,5.56%,5.47
vera vista,2,36,5.56%,8.81
nover westlife satılık,2,35,5.71%,6.34
metrokent sitesi eryaman,2,35,5.71%,8.17
emlakçı,2,33,6.06%,3.18
eryaman royal city,2,33,6.06%,8.7
armoni life satılık,2,32,6.25%,5.06
canberk sitesi kiralık daire,2,32,6.25%,7.28
vera point kiralık,2,31,6.45%,4.58
palmiye evleri eryaman,2,30,6.67%,5.73
havuzlu evler eryaman,2,29,6.9%,8.03
eryaman cumhuriyet sitesi satılık daire,2,28,7.14%,8.46
şirin emlak,2,27,7.41%,2.3
sarıgüllük sitesi,2,27,7.41%,8.41
zirve park sitesi kiralık,2,27,7.41%,9.19
gold life konutları eryaman,2,26,7.69%,3.5
alkon sitesi satılık,2,24,8.33%,4.38
yıldız life susuz,2,24,8.33%,7.42
siyah beyaz evler satılık,2,23,8.7%,4.26
endora batı kiralık,2,23,8.7%,5.35
öniz nirvana satılık,2,23,8.7%,6.74
koz modern satılık,2,22,9.09%,5.09
uzunali göksu satılık,2,22,9.09%,6.27
endora eryaman kiralık,2,21,9.52%,7.9
seyirtepe başpınar satılık,2,21,9.52%,8.52
mercan life buse konutları kiralık,2,18,11.11%,5.83
bella garden eryaman,2,18,11.11%,7.89
serpil sitesi satılık daire,2,17,11.76%,7.82
akın garden satılık,2,16,12.5%,3.38
angora göksu evleri kiralık,2,16,12.5%,5.12
eryaman gözde sitesi satılık daire,2,16,12.5%,6.5
bordo göl evleri kiralık,2,15,13.33%,5.87
natura göksu,2,14,14.29%,11
bayrak sitesi,2,13,15.38%,9.77
serhatkent sitesi satılık,2,12,16.67%,5.25
green life göksu konutları,2,12,16.67%,7.67
asm platin konutları kiralık,2,10,20%,8.8
endora batı satılık daire,2,3,66.67%,6.33
atakent vadi sitesi,1,166,0.6%,10.76
çimtaş göksu,1,142,0.7%,7.23
endora plus,1,115,0.87%,8.74
oyak 555 satılık,1,112,0.89%,9.74
prestij park konutları,1,106,0.94%,5.75
anadolu vizyon konutları,1,103,0.97%,7.35
öniz nirvana,1,88,1.14%,10.4
natural konutları,1,83,1.2%,8.75
ttbs belge sorgulama,1,80,1.25%,9.45
serhatkent sitesi,1,77,1.3%,9.14
eryaman mahalleleri,1,74,1.35%,9.19
zirveden batı kiralık,1,72,1.39%,8.72
tekirdağ park evleri,1,71,1.41%,7.21
ütopya konutları,1,71,1.41%,7.86
terasevler eryaman,1,67,1.49%,7.49
elit yaşam konutları 3,1,67,1.49%,9.67
nil my home,1,65,1.54%,7.09
vizyon tower satılık,1,64,1.56%,7.05
kur sitesi,1,64,1.56%,9.64
sarıtaş seyir evleri,1,60,1.67%,4.78
yenigüç sitesi eryaman,1,58,1.72%,7.47
doğasu sitesi,1,57,1.75%,10.7
meva şehir kiralık,1,55,1.82%,8.76
örnek arı sitesi satılık daire,1,54,1.85%,3.67
meydan ada sitesi,1,54,1.85%,6.13
özkardeşler sitesi,1,50,2%,5.96
söğüt bahçe konutları kiralık,1,47,2.13%,8.7
ankalüx satılık daire,1,46,2.17%,5.39
polsan 1 bahar sitesi,1,46,2.17%,9.3
vera life satılık,1,45,2.22%,6.71
havuzlu evler sitesi,1,45,2.22%,8.96
selvi evleri satılık,1,44,2.27%,4.73
ataşehir eryaman konutları satılık,1,44,2.27%,8.84
mabeyn başpınar satılık,1,43,2.33%,7.3
kc lale evleri kiralık,1,43,2.33%,7.6
gülbaran sitesi,1,43,2.33%,7.7
koruçam sitesi,1,43,2.33%,8.37
park göksu konutları,1,43,2.33%,9.44
mes polaris evleri satılık,1,42,2.38%,3.43
emlakçı komisyonu hesaplama,1,40,2.5%,32.3
mira göksu konutları,1,39,2.56%,5.31
mercan life buse konutları,1,39,2.56%,9.33
mood altınok satılık,1,39,2.56%,9.56
yeniçeri kule satılık,1,38,2.63%,6.5
selvi evleri kiralık daire,1,38,2.63%,7.89
panorama garden satılık daire,1,37,2.7%,5.43
yıldız life göksu,1,37,2.7%,6.49
genç efes sitesi,1,37,2.7%,7.73
başkent göksu sitesi,1,36,2.78%,5.81
fırat life satılık,1,36,2.78%,6.92
selvi evleri sitesi,1,36,2.78%,7.47
park mira evleri,1,36,2.78%,9.14
zirveden göksu satılık,1,36,2.78%,9.28
emlakçı olmadan ev satılır mı,1,35,2.86%,6.37
endora park,1,34,2.94%,6.71
atakent vadi sitesi satılık daire,1,34,2.94%,7.53
doğasu sitesi satılık,1,34,2.94%,7.62
green place residence,1,34,2.94%,8.47
astim skypark satılık,1,34,2.94%,9.18
saçak 91 sitesi,1,33,3.03%,4.61
vera west satılık,1,33,3.03%,5.36
polaris evleri satılık,1,33,3.03%,5.64
hotki bulvar kiralık daire,1,33,3.03%,7.52
kayra loft,1,33,3.03%,8.06
eryaman mavi çam sitesi satılık daire,1,33,3.03%,8.79
yaylakent evleri,1,33,3.03%,9.36
vera west kiralık daire,1,32,3.12%,6.22
tuğçe kent sitesi,1,32,3.12%,7.69
mercan life buse konutları satılık,1,32,3.12%,8.12
palmiye evleri ata mahallesi,1,32,3.12%,8.72
panorama prestij,1,32,3.12%,11.97
koz modern kiralık,1,31,3.23%,5.74
koçaklar tower,1,31,3.23%,6.9
ütopya konutları satılık,1,31,3.23%,6.94
twin towers eryaman kiralık,1,29,3.45%,6.59
gölkent 1 sitesi,1,29,3.45%,9.83
bizim şirinköy sitesi,1,29,3.45%,10.07
age sitesi kiralık daire,1,28,3.57%,5.61
ender doğuş sitesi kiralık daire,1,28,3.57%,7.43
paradise göksu satılık,1,28,3.57%,7.57
eryaman alarko blokları kiralık,1,28,3.57%,8.5
address göksu kiralık,1,28,3.57%,9
endora park eryaman,1,27,3.7%,8
şirin güneşkent sitesi,1,27,3.7%,9.52
göksu metrokent sitesi,1,26,3.85%,6.42
güzel belde sitesi satılık,1,25,4%,7.08
mesa blokları satılık daire,1,25,4%,7.76
palas eryaman satılık,1,24,4.17%,6.08
sermina life satılık,1,24,4.17%,6.33
ser tower satılık,1,23,4.35%,5.87
gülvatan sitesi,1,23,4.35%,6.74
hityaşam satılık daire,1,23,4.35%,7
hotki bulvar satılık,1,23,4.35%,7.96
seda terasevler,1,23,4.35%,8.13
safi apak sitesi,1,23,4.35%,9.3
angora göksu satılık,1,22,4.55%,6.27
eryapı sitesi,1,22,4.55%,7.05
dört mevsim eryaman kiralık,1,22,4.55%,8.86
sude konutları,1,22,4.55%,9.91
emlakçı sorgulama,1,21,4.76%,8.81
nisanur sitesi,1,21,4.76%,9.14
age sitesi,1,20,5%,7.1
ataşehir eryaman konutları kiralık,1,20,5%,8.4
eryaman metrokent sitesi kiralık 3+1,1,20,5%,8.6
panorama garden eryaman fotoğraflar,1,20,5%,8.85
doğakent çamlık sitesi,1,20,5%,9.25
arsa tapusundan kat mülkiyetine geçiş maliyeti,1,20,5%,9.35
hotki ritm,1,19,5.26%,7.63
green park kiralık daire,1,19,5.26%,7.68
kainat evleri eryaman,1,19,5.26%,9.05
alarko blokları kiralık daire,1,19,5.26%,9.58
havuzlu bahçe konutları satılık,1,19,5.26%,9.95
turuncu site,1,18,5.56%,2.06
address eryaman kiralık,1,18,5.56%,4.28
metrokent sitesi satılık,1,18,5.56%,7.5
goldstone evleri,1,18,5.56%,7.94
ata mahallesi çağlayan sitesi satılık daire,1,18,5.56%,8.17
portakal çiçeği sitesi eryaman,1,18,5.56%,9.89
atakent vadi sitesi kiralık daire,1,17,5.88%,5
doğapark sitesi eryaman,1,17,5.88%,5.82
erkent sitesi,1,17,5.88%,7.53
endora batı sitesi,1,17,5.88%,7.76
konum eryaman kiralık,1,17,5.88%,8.59
gökdemir premium kiralık daire,1,17,5.88%,9.53
parkyaman evleri satılık,1,16,6.25%,5.31
eryaman address satılık daire,1,16,6.25%,7.25
ilona konutları satılık,1,16,6.25%,8.31
karma modern kiralık,1,15,6.67%,5.33
vera city eryaman,1,15,6.67%,6.87
eryaman ilke sitesi satılık daire,1,15,6.67%,8.07
ser tower kiralık,1,14,7.14%,4.5
eryaman ayyıldız sitesi,1,14,7.14%,5.14
göldekent sitesi kiralık,1,14,7.14%,6.64
address eryaman kiralık daire,1,14,7.14%,7.36
armoni life eryaman,1,14,7.14%,9.57
vera life sitesi,1,14,7.14%,9.57
liva life,1,14,7.14%,10.93
kainat evleri 2,1,13,7.69%,5.08
taşkent sitesi satılık daire,1,13,7.69%,7.62
eryaman kur sitesi,1,13,7.69%,8.23
eryaman eylül sitesi satılık daire,1,13,7.69%,8.85
kooperatif hisseli tapu kat mülkiyetine çevirme,1,13,7.69%,10.46
eryaman teras evler satılık daire,1,13,7.69%,10.62
vera city satılık daire,1,12,8.33%,6.5
panorama plus kiralık daire,1,12,8.33%,6.75
özügüzelkent sitesi,1,12,8.33%,6.83
çimtaş göksu satılık,1,12,8.33%,9.33
kardeşkent sitesi kiralık daire,1,10,10%,6.9
bella garden sitesi,1,10,10%,7.6
eryaman bayrak sitesi satılık daire,1,10,10%,8.3
eryaman age blokları kiralık daire,1,10,10%,9.8
mia concept kiralık daire,1,9,11.11%,5
çağlar emin evleri,1,9,11.11%,8.89
eryaman aşiyan sitesi satılık daire,1,9,11.11%,9
oray sitesi,1,9,11.11%,10.78
polsan kiralık daire,1,8,12.5%,6.75
meva şehir kiralık 3+1,1,8,12.5%,9.88
hansa prestij konutları,1,8,12.5%,10.38
melis sitesi satılık,1,7,14.29%,8.43
astim skypark satılık daire,1,7,14.29%,9.14
pozitif life kiralık daire,1,7,14.29%,9.43
mil koop sitesi,1,7,14.29%,11.14
address yeşilova,1,7,14.29%,12.43
ankara emlak,1,6,16.67%,1.83
sutek blokları kiralık,1,6,16.67%,4.83
eryamanın en iyi mahallesi,1,6,16.67%,5
natural konutları satılık daire,1,6,16.67%,7.17
armonia satılık daire,1,6,16.67%,7.33
eryaman başak sitesi,1,6,16.67%,7.5
yetki belgesi sorgulama emlak,1,6,16.67%,9.17
maybak sitesi satılık,1,6,16.67%,10.33
wind göksu,1,6,16.67%,10.33
hacizli hisseli tapu satışı,1,6,16.67%,10.5
emlakçı olmadan ev satmak,1,6,16.67%,12
bordo göl evleri kiralık daire,1,5,20%,4.4
gölkent sitesi satılık,1,5,20%,7.6
konum eryaman sitesi satılık daire,1,5,20%,7.6
eryaman havuzlu bahçe satılık,1,5,20%,9
gökdemir tower kiralık daire,1,5,20%,9
eryaman sutek sitesi satılık daire,1,5,20%,9.4
zirveden batı satılık,1,5,20%,9.8
eryaman inci park evleri satılık daire,1,5,20%,10.4
park evo eryaman satılık,1,4,25%,5.5
aşiyan sitesi kiralık daire,1,4,25%,7.25
eryaman stfa blokları satılık daire,1,4,25%,9
konar manzara evleri satılık,1,3,33.33%,3.67
evet,1,3,33.33%,4.33
seçkin atasayanlar sitesi satılık,1,3,33.33%,4.67
address satılık daire,1,3,33.33%,6.33
eryaman safir sitesi satılık daire,1,3,33.33%,6.67
eryaman polsan kiralık daire,1,3,33.33%,7.33
terasevler sitesi satılık,1,3,33.33%,10.67
zirve park kiralık,1,3,33.33%,10.67
arissa satılık daire,1,3,33.33%,17.67
yetkili emlakçı sorgulama,1,2,50%,4.5
tekirdağ park evleri satılık daire,1,2,50%,5.5
eryaman 5. etap,1,2,50%,9.5
aktürk sitesi,1,2,50%,10
eryaman safir sitesi,1,2,50%,10
panorama life,1,2,50%,15
emlak yetki sözleşmesi,1,2,50%,18.5
göksu prestij,1,2,50%,18.5
6000000,1,1,100%,2
amasya beyannamesi caddesi,1,1,100%,2
doktorlar sitesi kiralık daire,1,1,100%,10
emlak satış yetki sözleşmesi,1,1,100%,11
maviçam,1,1,100%,11
eryaman nereye bağlı,0,410,0%,9.8
göksu hisar evleri,0,191,0%,7.53
koz modern sitesi,0,168,0%,9.62
eryaman hangi ilçeye bağlı,0,164,0%,10.3
hittown satılık,0,156,0%,7.99
efsane evleri,0,154,0%,9.99
ttbs yetki belgesi sorgulama,0,142,0%,8.6
emlak yetki belgesi sorgulama,0,133,0%,8.19
bordo platinum residence,0,122,0%,8.01
aker mücevher evleri,0,111,0%,9.3
bordo göl evleri,0,110,0%,6.3
mia concept,0,103,0%,7.56
golsitesi.com,0,101,0%,52.61
white dream sitesi,0,98,0%,5.76
kıratlı rezidans,0,98,0%,8.44
alkon sitesi,0,98,0%,8.77
hittown kiralık,0,90,0%,9.34
umar sitesi,0,88,0%,8.01
çağlayan sitesi eryaman,0,86,0%,5.91
relax göksu,0,86,0%,13.65
gold stone evleri,0,85,0%,7.19
mavi bayrak sitesi,0,85,0%,8.53
vizyon başpınar sitesi,0,85,0%,8.6
ataşehir eryaman,0,85,0%,11.06
siyah beyaz evler,0,84,0%,7.6
vera city,0,83,0%,5.71
yurt prestij konutları,0,82,0%,10.24
inci life rezidans eryaman,0,80,0%,9.55
hittown sitesi,0,80,0%,10.54
relax göksu satılık,0,79,0%,7.76
eser yapı evleri,0,76,0%,7.5
ap green tower,0,76,0%,9.33
eryaman mavi çam sitesi kiralık daire,0,73,0%,7.67
mahal çağ sitesi,0,73,0%,7.73
meva şehir kiralık daire,0,73,0%,9.23
palas eryaman,0,70,0%,8.93
sermina life,0,69,0%,9.39
polaris evleri,0,69,0%,9.97
alpak & neva armonia residence,0,69,0%,11.36
göksu manzara evleri,0,67,0%,9.39
kaşmir göl evleri kiralık,0,66,0%,10.53
park göksu sitesi,0,66,0%,11.45
admira göksu,0,64,0%,7.89
belören manzara evleri,0,64,0%,9.86
vera point sitesi,0,64,0%,10.06
alpak neva armonia,0,63,0%,11.03
gülbaran rezidans,0,62,0%,9.53
oyak göksupark satılık,0,62,0%,9.87
tapu harcı hesaplama,0,62,0%,50.29
ata life sitesi,0,61,0%,6.34
buse konutları satılık daire,0,61,0%,6.97
mercan smart house,0,61,0%,8.3
armoni life,0,61,0%,12.3
karma modern,0,60,0%,10.03
kur sitesi satılık,0,59,0%,5.85
ahsen sitesi,0,59,0%,9.88
yeniçeri kule,0,59,0%,10.59
bordo platinum satılık,0,58,0%,5.52
maviçam sitesi satılık,0,57,0%,5.95
dalgıç rezidans,0,57,0%,7.86
çimtaş göksu konutları,0,57,0%,7.98
astim metrolife,0,57,0%,9.3
taşınmaz ticareti yetki belgesi sorgulama,0,57,0%,9.54
kaşmir göl evleri satılık,0,57,0%,10.46
zen park plus kiralık,0,56,0%,6.98
kainat evleri,0,56,0%,9.96
bilgi sevgi hoşgörü sitesi,0,55,0%,8.8
oyak 555 kiralık,0,54,0%,9.54
botanik park evleri,0,54,0%,9.74
westlife sitesi,0,54,0%,10.76
bordo platinum kiralık,0,53,0%,5.55
happy life residence,0,53,0%,5.57
vera point satılık,0,53,0%,6.36
çamdalı sitesi,0,53,0%,9.06
bahçen eryaman kiralık,0,53,0%,10.74
panorama plus,0,53,0%,11.06
akasya sitesi eryaman,0,52,0%,8.1
duru life konutları,0,52,0%,8.38
zen park göksu,0,52,0%,9.13
öz gimat sitesi,0,51,0%,5.51
dört mevsim eryaman konutları,0,51,0%,7.45
çiğdem sitesi,0,51,0%,8.8
zirve park konutları,0,51,0%,8.92
demirer sitesi,0,51,0%,10.51
panorama plus satılık daire,0,50,0%,6.3
etimesgut emlakçılar,0,49,0%,3.45
yeni kaynak sitesi,0,49,0%,9.43
dilara sitesi,0,48,0%,8.4
akın garden,0,47,0%,7.4
vizyon tower satılık daire,0,47,0%,7.81
ende yaşam sitesi,0,47,0%,9.81
endora batı,0,47,0%,10.32
motto göksu,0,47,0%,11.09
gsv spor sitesi,0,46,0%,8
paradise göksu,0,46,0%,11.57
armina park evleri,0,45,0%,6.98
akonur sitesi,0,45,0%,9.93
zirve park sitesi,0,45,0%,9.96
panorama garden,0,45,0%,10.02
utku sitesi,0,45,0%,10.47
altıntepe sitesi,0,44,0%,6.32
green tower kiralık,0,44,0%,8.05
relax göksu kiralık daire,0,44,0%,8.59
buse konutları kiralık,0,43,0%,8.98
türeli rezidans,0,43,0%,9.51
yeni portakal çiçeği sitesi,0,43,0%,9.56
age sitesi satılık,0,42,0%,4.79
akın garden sitesi,0,42,0%,6.74
güldede sitesi,0,42,0%,8.52
havuz kent sitesi,0,42,0%,8.69
ataşehir eryaman konutları,0,42,0%,10.52
doğakent konutları,0,41,0%,7
siyah beyaz evler sitesi,0,41,0%,7.61
anemon evleri,0,41,0%,8.39
taflan sitesi,0,41,0%,8.85
mevaşehir kiralık,0,41,0%,9.29
astim metrolife satılık,0,41,0%,9.44
motto göksu kiralık,0,40,0%,6.95
bulut kule,0,40,0%,7.97
sümeyra 2 sitesi,0,40,0%,8.3
istgate kiralık daire,0,40,0%,8.4
rüyakent sitesi eryaman,0,40,0%,9.03
ataşehir eryaman konutlari,0,40,0%,9.8
endora eryaman satılık,0,40,0%,9.93
maviçam sitesi,0,40,0%,10.65
ap green tower kiralık,0,39,0%,6.18
volga rezidans,0,39,0%,8.62
sutek sitesi,0,39,0%,9.23
tez konak sitesi,0,38,0%,7.42
green tower satılık,0,38,0%,7.5
yıldız tatil sitesi,0,38,0%,7.53
kardeşkent sitesi,0,38,0%,10.5
mutlu sitesi eryaman,0,38,0%,10.87
su damlası sitesi,0,38,0%,11.24
utku sitesi satılık,0,37,0%,7.05
uzunali göksu 2,0,37,0%,9.86
panorama garden eryaman,0,37,0%,10.35
bordo platinum resıdence,0,37,0%,10.84
haznedaroğlu blokları,0,37,0%,11.16
şirin 91 sitesi,0,36,0%,8.14
eryaman bordo platinum,0,36,0%,9.08
oasis korupark,0,36,0%,9.28
sergöksu,0,36,0%,9.31
yeniceri kule,0,36,0%,10.25
ankapark konutları,0,36,0%,10.78
sarı çınar sitesi,0,35,0%,6.17
yeşil göl sitesi,0,35,0%,9.09
eylül sitesi eryaman,0,35,0%,9.29
relax göksu konutları,0,35,0%,9.57
bulvar yaşam konutları,0,35,0%,11.14
özgimat sitesi,0,35,0%,11.57
ender doğuş sitesi satılık daire,0,34,0%,8.74
eryaman relax göksu,0,34,0%,9.24
kozlar towers,0,34,0%,10.5
angora göksu evleri,0,34,0%,12
tuana evleri yenimahalle,0,34,0%,12.41
gülhayat sitesi,0,33,0%,7.24
perla life sitesi,0,33,0%,8.76
vera point,0,33,0%,9.21
billur sitesi,0,33,0%,9.45
ap green tower satılık,0,32,0%,5.38
şenser sitesi,0,32,0%,5.69
dört mevsim eryaman satılık,0,32,0%,7.94
havayolları sitesi,0,32,0%,7.94
neopolitan eryaman satılık,0,32,0%,8.31
akşafak sitesi,0,32,0%,9.34
vaditepe başpınar,0,32,0%,10.81
nargülü 1 sitesi,0,31,0%,4.35
bayrak sitesi eryaman,0,31,0%,7.42
armonia residence kiralık,0,31,0%,7.48
yeşil vadim sitesi eryaman,0,31,0%,7.84
çağ life sitesi,0,31,0%,9.03
eryaman fırat life,0,31,0%,9.97
oyak göksupark kiralık,0,31,0%,9.97
grup dayanışma sitesi,0,31,0%,11.16
lider yaşam evleri,0,30,0%,4.83
trend life sitesi,0,30,0%,6.87
zirve park satılık,0,30,0%,7.1
eryaman selvi evleri,0,30,0%,7.73
çağ mahal sitesi,0,30,0%,8.37
mes polaris evleri,0,30,0%,8.43
buse konutları,0,30,0%,10.97
panorama plus eryaman,0,30,0%,11.1
urhal sitesi platin 2 konutları,0,30,0%,11.13
özahikent satılık,0,29,0%,7.38
istgate kiralık,0,29,0%,7.41
eser yapi evleri,0,29,0%,7.55
park inci konutları satılık,0,29,0%,7.9
gözde 2 sitesi,0,29,0%,7.93
zirve loft kiralık,0,29,0%,8.41
göksu vadi konutları,0,29,0%,9.34
ilke sitesi,0,29,0%,9.66
batı life evleri,0,29,0%,10.1
atayıldız yaşam konutları,0,29,0%,11.03
emlak,0,28,0%,3.14
panorama life eryaman satılık,0,28,0%,6
ılgaz life,0,28,0%,6.11
fırat life kiralık,0,28,0%,6.54
taşınmaz yetki belgesi sorgulama,0,28,0%,7.89
canberk sitesi satılık daire,0,28,0%,8.07
vizyon başpınar,0,28,0%,8.68
göksukent sitesi,0,28,0%,8.89
camlı klima blokları satılık,0,28,0%,9.21
polsan bahar sitesi,0,28,0%,10.21
twin towers eryaman,0,28,0%,10.32
elit yaşam konutları,0,28,0%,10.75
liva göksu,0,28,0%,10.93
uyum 90 sitesi,0,28,0%,11.29
turgut aslan sitesi,0,27,0%,4.89
büyük ankara sitesi,0,27,0%,6.33
mavi orkide satılık,0,27,0%,7.96
zirve park sitesi satılık,0,27,0%,8.3
cabadağ blokları,0,27,0%,9.19
mabeyn başpınar,0,27,0%,9.19
gözde 91 sitesi,0,27,0%,9.3
buse konutları kiralık daire,0,27,0%,9.63
ankalüx,0,27,0%,11.04
eryaman emlakçılar listesi,0,26,0%,1.31
liva life yaşam konutları,0,26,0%,7.27
sakalar tower kiralık,0,26,0%,7.58
armonia residence satılık,0,26,0%,8.92
bordo life residence,0,26,0%,9.27
zirve loft,0,26,0%,9.81
karköy villaları,0,26,0%,10.23
relax göksu sitesi,0,26,0%,10.23
başak sitesi etimesgut,0,26,0%,10.96
tunahan sitesi,0,26,0%,11.5
gold life konutları,0,25,0%,4.88
alpak neva armonia satılık,0,25,0%,5.92
vizyon tower kiralık daire,0,25,0%,7.2
pozitif life yeşilova rezidans,0,25,0%,8.2
anka 2001 sitesi,0,25,0%,8.36
emin güven sitesi,0,25,0%,8.44
genç avrasya sitesi,0,25,0%,9.28
neva panora,0,25,0%,9.6
güzel ankara sitesi,0,25,0%,10.68
eryaman siyah beyaz evler kiralık,0,24,0%,5.88
polsan 1 gözde sitesi kiralık daire,0,24,0%,6.46
bordo platinum satılık 1+1,0,24,0%,6.62
kırkayak sitesi,0,24,0%,6.83
ardıç sitesi eryaman,0,24,0%,7.33
lapis garden,0,24,0%,7.67
oasis rezidans kiralık,0,24,0%,7.67
natura göksu kiralık daire,0,24,0%,8.92
park prestij konutları,0,24,0%,9
serpil sitesi,0,24,0%,9.5
ak 91 sitesi,0,24,0%,10.38
astim flora,0,24,0%,10.71
gül sitesi eryaman,0,23,0%,6.04
çağlar belde sitesi,0,23,0%,6.35
çimtaş göksu konutlari,0,23,0%,6.39
akdal residence,0,23,0%,7.17
devlet mahallesi aşiyan sitesi satılık,0,23,0%,7.17
polsan bahar sitesi kiralık daire,0,23,0%,7.57
neovadi konutları,0,23,0%,7.83
gözde evler sitesi eryaman,0,23,0%,8.13
astim metrolife kiralık,0,23,0%,8.3
neopolitan eryaman kiralık,0,23,0%,8.7
eryamana yakın semtler,0,23,0%,8.96
bp residence eryaman,0,23,0%,9.09
demirkent sitesi,0,23,0%,10
ttbs başvuru sorgulama,0,23,0%,10.57
ankara eryaman hangi ilçeye bağlı,0,23,0%,10.65
mavi çam sitesi,0,23,0%,10.91
kozmodern eryaman,0,23,0%,11.78
eryaman evleri yeni portakal çiçeği sitesi,0,23,0%,12.04
eryaman,0,22,0%,2
havuz kent sitesi satılık,0,22,0%,6
paradise göksu kiralık,0,22,0%,6.05
asm platin konutları satılık,0,22,0%,6.32
vera west satılık daire,0,22,0%,6.5
gerçek 92 sitesi,0,22,0%,6.55
paşa konakları sitesi,0,22,0%,7.23
ata yıldız batı konutları kiralık,0,22,0%,7.41
eser yapı evleri satılık,0,22,0%,7.64
admira göksu sitesi,0,22,0%,7.86
aydınkent sitesi,0,22,0%,7.86
çankaya vefa sitesi,0,22,0%,8.14
sutek sitesi satılık,0,22,0%,8.23
sky göksu satılık,0,22,0%,8.86
mavera göksu,0,22,0%,8.95
ttbs yetki sorgulama,0,22,0%,9.77
ada loft eryaman,0,22,0%,9.91
panorama prestij sitesi,0,22,0%,10.77
tuana evleri eryaman,0,22,0%,11.14
park evo,0,21,0%,6.05
palmiye sitesi eryaman,0,21,0%,6.76
dilara sitesi satılık daire,0,21,0%,7.62
fırat life kiralık daire,0,21,0%,8
ayışıgı sitesi kiralık daire,0,21,0%,8.62
kur sitesi kiralık,0,21,0%,8.62
eston 2 sitesi,0,21,0%,8.95
zirveden göksu kiralık,0,21,0%,9.86
ankara satılık daire,0,21,0%,10.67
kozlar towers satılık,0,20,0%,5.3
efsane evleri sitesi,0,20,0%,6.95
göldekent sitesi kiralık daire,0,20,0%,7.2
sakalar tower kiralık daire,0,20,0%,7.45
gökkuşağı sitesi eryaman,0,20,0%,8.1
kutlutaş blokları satılık daire,0,20,0%,8.15
ulaş sitesi,0,20,0%,8.5
akdal rezidans,0,20,0%,9.05
mevaşehir kiralık daire,0,20,0%,9.2
paro life konutları,0,20,0%,10
gayrimenkul,0,19,0%,1.74
ata life sitesi satılık,0,19,0%,5.74
akşafak sitesi fotoğraflar,0,19,0%,6.26
nisan sitesi,0,19,0%,6.47
kozlar towers kiralık,0,19,0%,7.05
canberk sitesi satılık,0,19,0%,7.32
eryaman serpil sitesi satılık daire,0,19,0%,7.37
metrokent villaları,0,19,0%,7.37
wind göksu satılık,0,19,0%,7.37
polaris sitesi,0,19,0%,7.53
serenköy sitesi,0,19,0%,8.21
diamond göksu kiralık,0,19,0%,8.32
bizim alperenler sitesi,0,19,0%,8.37
bulvar 312 kiralık daire,0,19,0%,9.26
oasis rezidans,0,19,0%,9.26
atayıldız yaşam konutları satılık,0,19,0%,9.63
alpak neva,0,19,0%,9.84
keyfim sitesi,0,19,0%,9.95
kaşmir göl evleri,0,19,0%,24.37
kainat evleri satılık,0,18,0%,5.83
kainat evleri satılık daire,0,18,0%,6.28
siyah beyaz evler sitesi (konutları) yenimahalle,0,18,0%,6.44
zirve loft satılık,0,18,0%,6.44
relax göksu satılık daire,0,18,0%,6.61
gençler sitesi eryaman,0,18,0%,7
izgi park evleri,0,18,0%,7.22
trendlife sitesi,0,18,0%,7.28
elit yaşam evleri eryaman,0,18,0%,8.22
ap ist port satılık,0,18,0%,8.28
green hill residence,0,18,0%,8.56
ankara meva şehir kiralık daire,0,18,0%,9.06
göksu relax kiralık daire,0,18,0%,9.06
arissa göksu kiralık,0,18,0%,10.17
ilke sitesi eryaman,0,18,0%,10.78
canberk sitesi,0,18,0%,11.83
vera vista satılık,0,17,0%,4.06
eryaman prestij park konutları kiralık,0,17,0%,4.53
panorama plus satılık,0,17,0%,5.65
yeşilöz sitesi,0,17,0%,6.29
hittown satılık 3+1,0,17,0%,7
meva şehir satılık 4+1 kiralık,0,17,0%,7.18
twin towers eryaman satılık,0,17,0%,7.24
eryaman şelale evleri kiralık daire,0,17,0%,7.29
vizyon başpınar satılık daire,0,17,0%,7.41
finest eryaman,0,17,0%,7.76
polsan bahar sitesi satılık daire,0,17,0%,8.18
alarko kiralık daire,0,17,0%,8.41
emlakçı belgesi sorgulama,0,17,0%,8.59
ata yıldız batı konutları,0,17,0%,8.65
panorama gold satılık,0,17,0%,8.65
doğuş 91 sitesi,0,17,0%,9.06
meva şehir kiralik 2+1,0,17,0%,9.18
duru life sitesi,0,17,0%,9.24
mavi orkide sitesi,0,17,0%,9.59
penta 5 rezidans,0,17,0%,9.71
kur sitesi eryaman,0,17,0%,9.88
park inci konutları,0,17,0%,9.94
ayatakent sitesi,0,17,0%,10.18
ilk umut sitesi,0,17,0%,10.41
portakal çiçeği sitesi,0,17,0%,10.88
serender sitesi,0,17,0%,10.88
address eryaman,0,17,0%,11.24
mia concept satılık,0,16,0%,4.12
polsan gözde sitesi kiralık daire,0,16,0%,6.06
eryaman palmiye evleri,0,16,0%,6.69
eryaman mesa blokları satılık,0,16,0%,6.81
hittown satılık daire,0,16,0%,7.12
yeşil koru sitesi,0,16,0%,7.19
durtaş 91 sitesi,0,16,0%,7.31
angora göksu evleri satılık,0,16,0%,7.44
özdeniz yıldızı sitesi,0,16,0%,7.94
kazım sarı sitesi,0,16,0%,8.38
diamond göksu satılık,0,16,0%,9.19
zirveden batı kiralık daire,0,16,0%,9.19
gökdemir tower kiralık,0,16,0%,9.44
erkaraca sitesi,0,16,0%,9.69
endora eryaman satılık daire,0,16,0%,9.75
altaş rezidans,0,16,0%,9.88
sahilkent sitesi,0,16,0%,10.38
arya nüans residence,0,16,0%,10.56
nover westlife,0,16,0%,10.62
platin konutları urhal sitesi,0,16,0%,11.06
söğüt bahçe konutları,0,16,0%,11.12
parkyaman evleri,0,16,0%,11.5
mes polaris kiralık,0,15,0%,2.87
park mira evleri etimesgut,0,15,0%,6.53
yeni ilkay sitesi,0,15,0%,6.53
başak sitesi eryaman,0,15,0%,7.07
fırat life style kiralık,0,15,0%,8
kaya evleri sitesi,0,15,0%,8.13
ayata kent sitesi,0,15,0%,8.53
panorama garden sitesi,0,15,0%,8.53
vaditepe başpınar satılık daire,0,15,0%,8.73
ilona satılık daire,0,15,0%,8.87
liva life eryaman,0,15,0%,8.87
bulvar 1071 sitesi,0,15,0%,8.93
mil koop sitesi satılık,0,15,0%,8.93
neva butik home,0,15,0%,8.93
perla life,0,15,0%,9
paşa evleri,0,15,0%,9.07
meva şehir 2+1 kiralık,0,15,0%,9.2
sarıgül sitesi,0,15,0%,9.27
gözde evler sitesi,0,15,0%,9.4
kaşmir mavi orkide kiralık,0,15,0%,9.6
safir sitesi eryaman,0,15,0%,9.6
yaylakent sitesi,0,15,0%,9.6
özar sitesi,0,15,0%,9.6
endora göksu kiralık,0,15,0%,9.73
tekser blokları,0,15,0%,9.73
polsan 1 gözde sitesi,0,15,0%,10.13
yavuz selim sitesi,0,15,0%,10.2
gökdemir premium,0,15,0%,11
inci life rezidans eryaman yorumlar,0,15,0%,11
yardımcı blokları,0,15,0%,11.27
panorama life eryaman,0,15,0%,11.33
elit nar çiçeği sitesi,0,15,0%,11.53
eryaman en iyi mahallesi,0,14,0%,3.57
meydan ada sitesi satılık,0,14,0%,4.57
sarıtaş seyir evleri satılık,0,14,0%,5.14
çığlık sitesi,0,14,0%,6
erland rezidans,0,14,0%,6.07
polsan 1 gözde sitesi satılık,0,14,0%,6.71
başkent eryaman sitesi,0,14,0%,6.79
huzur park sitesi,0,14,0%,7.14
eryaman age sitesi,0,14,0%,7.43
eryaman semtleri,0,14,0%,7.86
neovadi,0,14,0%,8.36
yeşil vadim sitesi,0,14,0%,8.36
maviler ipek sitesi,0,14,0%,8.79
penta 5 residence,0,14,0%,8.79
ikizler sitesi,0,14,0%,8.86
inci park evleri eryaman,0,14,0%,8.93
yayıklı 2 sitesi,0,14,0%,8.93
altaş eryaman sitesi,0,14,0%,9
güzel ankara evleri sitesi,0,14,0%,9.43
özahikent sitesi eryaman,0,14,0%,9.5
doğapark sitesi,0,14,0%,9.86
safir rezidans,0,14,0%,9.93
zirveloft sitesi fotoğraflar,0,14,0%,9.93
kaşmir mavi orkide satılık,0,14,0%,10.36
denizim sitesi,0,14,0%,10.86
akonur sitesi a-b-c-d blokları yenimahalle,0,14,0%,12.57
eryaman emlakçılar,0,13,0%,1.38
mia concept kiralık,0,13,0%,4.15
ilkiz 2 sitesi,0,13,0%,4.54
hassas çizgi sitesi,0,13,0%,5.54
melis sitesi eryaman,0,13,0%,6.46
park mira evleri satılık,0,13,0%,6.77
mahal çağ sitesi satılık,0,13,0%,7.31
endora plus eryaman sahibinden,0,13,0%,7.46
aydın kent sitesi,0,13,0%,7.54
sarıgüllük konutları,0,13,0%,7.54
eryaman mahalleler,0,13,0%,7.77
bulvar 1071,0,13,0%,7.92
arıkovanı sitesi,0,13,0%,8.31
beyaz rezidans eryaman,0,13,0%,8.31
vera city eryaman satılık,0,13,0%,8.31
eryaman polsan 1 bahar sitesi satılık daire,0,13,0%,8.38
evinora sitesi,0,13,0%,9.46
oyak 555 satılık daire,0,13,0%,9.85
eryaman park inci konutları satılık daire,0,13,0%,10.54
metropark concept,0,13,0%,10.85
mutlu sitesi,0,13,0%,11.46
mercan life,0,13,0%,11.69
hit yaşam satılık,0,12,0%,5.75
yeni yayıklı sitesi,0,12,0%,6.17
hill tower eryaman,0,12,0%,6.58
eryaman relax göksu satılık,0,12,0%,6.75
göksu başak life,0,12,0%,7
sutek blokları eryaman,0,12,0%,7.08
kardelen sitesi eryaman,0,12,0%,7.25
doğa park sitesi kiralık,0,12,0%,7.33
inci life residence,0,12,0%,7.33
eryaman metrokent satılık,0,12,0%,7.5
akonur sitesi satılık,0,12,0%,7.58
eryaman mutlu sitesi satılık daire,0,12,0%,7.58
buse konutları satılık,0,12,0%,7.75
eryaman bayrak sitesi,0,12,0%,7.75
özahikent kiralık,0,12,0%,7.75
betim sitesi,0,12,0%,7.92
serhatkent sitesi satılık daire,0,12,0%,7.92
eryaman bahar sitesi satılık daire,0,12,0%,8.08
demirer blokları,0,12,0%,8.67
eston sitesi kiralık,0,12,0%,8.67
fırat life 1+1 satılık,0,12,0%,8.67
hacizli hisse satılabilir mi,0,12,0%,8.67
hotki bulvar satılık daire,0,12,0%,8.67
göksu hisar evleri satılık,0,12,0%,8.75
natura eryaman satılık,0,12,0%,8.83
eryaman mutlu sitesi,0,12,0%,9
göksu metrokent,0,12,0%,9.25
laçin eryaman sitesi,0,12,0%,9.5
spor sitesi,0,12,0%,9.5
eston blokları eryaman,0,12,0%,9.67
bordo life,0,12,0%,10.17
metropark plus,0,12,0%,10.17
eryaman teras evler,0,12,0%,10.25
panorama plus sitesi,0,12,0%,10.25
alarko sitesi eryaman,0,12,0%,10.33
didem sitesi,0,12,0%,10.33
sergah evleri,0,12,0%,10.33
havuzkent sitesi eryaman yenimahalle,0,12,0%,11.08
neopolitan satılık,0,12,0%,11.08
kozmodern sitesi,0,12,0%,11.42
meltem 91 sitesi,0,12,0%,11.67
tepe blokları,0,12,0%,11.83
neva prestij konutları,0,12,0%,12.08
eryaman klima blokları,0,12,0%,12.17
tapu masrafı hesaplama,0,12,0%,54.25
eryaman emlak ofisleri,0,11,0%,4.09
alkon sitesi kiralık,0,11,0%,5.36
metro yaşam sitesi,0,11,0%,5.82
polsan gözde sitesi satılık,0,11,0%,6.18
göksu bilge sitesi,0,11,0%,6.82
umar siteleri,0,11,0%,7.45
çizgi ötesi residence satılık,0,11,0%,7.55
twin towers kiralık,0,11,0%,7.64
köşk birlik sitesi,0,11,0%,7.82
prestij park konutları satılık daire,0,11,0%,7.82
eryaman oyak sitesi kiralık daire,0,11,0%,8
mes polaris,0,11,0%,8.18
spor sitesi satılık,0,11,0%,8.27
meva şehir kiralık 2+1,0,11,0%,8.36
göksu relax satılık,0,11,0%,8.55
pozitif life yeşilova rezidans fotoğraflar,0,11,0%,8.55
mil koop sitesi kiralık daire,0,11,0%,8.64
vaditepe başpınar satılık,0,11,0%,8.82
yeşilgöl sitesi,0,11,0%,8.82
alkon konutları,0,11,0%,8.91
intes sitesi,0,11,0%,8.91
hittown kiralık daire,0,11,0%,9.27
mavi çam sitesi eryaman,0,11,0%,9.27
söğüt bahçe konutları satılık,0,11,0%,9.36
eryaman inci life,0,11,0%,9.64
ap forest gate satılık,0,11,0%,10
emlakçılık belgesi sorgulama,0,11,0%,10
eryaman twin towers,0,11,0%,10
vizyon prestige,0,11,0%,10
şahinbey sitesi,0,11,0%,10.18
göksu park vadi konutları,0,11,0%,10.27
hityenibatı,0,11,0%,10.27
öztaş blokları,0,11,0%,10.45
güzel aküzüm sitesi,0,11,0%,10.73
koz modern,0,11,0%,11.27
hacizli ev satılır mı,0,11,0%,11.36
eşya kiralama komisyon oranları,0,11,0%,73.64
alina konutları satılık,0,10,0%,4
emlakçıya vekalet verme,0,10,0%,5
lilyum sitesi eryaman,0,10,0%,5.3
mia concept satılık 1+1,0,10,0%,5.4
ütopya konutları kiralık,0,10,0%,5.4
çınar sitesi eryaman,0,10,0%,5.5
mia concept kiralık 1+1,0,10,0%,6
sümeyra 2 sitesi satılık,0,10,0%,6.2
umar sitesi satılık,0,10,0%,6.3
eryaman spor sitesi kiralık,0,10,0%,7
gayrimenkul yetki belgesi sorgulama,0,10,0%,7.2
aknergiz sitesi,0,10,0%,8
dastarlı sitesi,0,10,0%,8
eryaman havuzlu evler satılık,0,10,0%,8
seyirtepe başpınar satılık daire,0,10,0%,8
cevizlidere sitesi eryaman,0,10,0%,8.1
göksukent sitesi satılık daire,0,10,0%,8.3
ev satarken emlakçı zorunlu mu,0,10,0%,8.5
sakalar tower satılık daire,0,10,0%,8.5
ticaret bakanlığı emlak yetki belgesi sorgulama,0,10,0%,8.9
bahçen konutları kiralık,0,10,0%,9
eryaman buse konutları satılık daire,0,10,0%,9.2
çelikler sitesi,0,10,0%,9.3
göldekent sitesi satılık,0,10,0%,9.4
rema deluxe,0,10,0%,9.4
meva şehir satılık,0,10,0%,9.5
bayrak sitesi fotoğraflar,0,10,0%,9.7
özahikent sitesi,0,10,0%,9.9
anemon sitesi,0,10,0%,10.3
fırat life eryaman,0,10,0%,10.6
koru eryaman,0,10,0%,10.9
hill tower,0,10,0%,11.1
uzunali göksu,0,10,0%,11.1
bordo platinum resıdence yorumları,0,10,0%,11.6
kira zammı hesaplama,0,10,0%,47.6
eryaman gayrimenkul,0,9,0%,1.78
anadolu vizyon konutları kiralık,0,9,0%,3
billur sitesi eryaman,0,9,0%,3.11
yeni huzur bahçesi sitesi,0,9,0%,3.78
aydınkent sitesi eryaman,0,9,0%,4.67
sude konutları satılık,0,9,0%,5.56
göksu metrokent sitesi satılık,0,9,0%,5.78
kainat 2 evleri,0,9,0%,6.11
güngörler tower,0,9,0%,6.67
mesa blokları kiralık,0,9,0%,6.78
ünsal white dream sitesi,0,9,0%,7
vera point kiralık daire,0,9,0%,7.11
göldekent kiralık,0,9,0%,7.22
inci life satılık daire,0,9,0%,7.22
serline konutları,0,9,0%,7.22
neopolitan kiralık daire,0,9,0%,7.33
address eryaman satılık daire,0,9,0%,7.44
ata yıldız sitesi eryaman,0,9,0%,7.44
eryaman 5 etap özar sitesi satılık,0,9,0%,7.44
urhal sitesi platin 2 konutları satılık daire,0,9,0%,7.44
bordo loca satılık,0,9,0%,7.56
bulvar 312 satılık daire,0,9,0%,7.89
penta 5 satılık,0,9,0%,7.89
meydan cadde,0,9,0%,8.11
eryaman park prestij satılık daireler,0,9,0%,8.22
kardeşkent sitesi satılık daire,0,9,0%,8.22
eryaman ilke sitesi kiralık daire,0,9,0%,8.33
ist port kiralık,0,9,0%,8.33
sarıçınar sitesi,0,9,0%,8.44
tes iş sitesi satılık daire,0,9,0%,8.56
eryaman polsan satılık daire,0,9,0%,8.78
kuryap sitesi,0,9,0%,8.89
royal city satılık daire,0,9,0%,8.89
neopolitan satılık daire,0,9,0%,9
sarıgül sitesi eryaman,0,9,0%,9
gençler sitesi,0,9,0%,9.11
bordo life satılık,0,9,0%,9.22
eryaman evleri yeşil manolya sitesi,0,9,0%,9.22
green hill satılık daire,0,9,0%,9.22
selvi sitesi kiralık daire,0,9,0%,9.33
ahikent sitesi,0,9,0%,9.67
eryaman 5 etap age satılık daireler,0,9,0%,9.78
elitnar çiçeği sitesi,0,9,0%,9.89
kaşmir mavi orkide kiralık daire,0,9,0%,10.11
angora sitesi eryaman,0,9,0%,10.78
eryaman eston blokları,0,9,0%,11
klima blokları eryaman,0,9,0%,11.11
kutlutaş blokları eryaman,0,9,0%,11.11
akkonak sitesi eryaman,0,9,0%,11.56
çizgi ötesi rezidans,0,9,0%,11.67
alarko blokları,0,9,0%,12.11
camlı klima blokları,0,9,0%,12.33
emlakçı komisyonu,0,9,0%,48.67
eryaman e*****,0,9,0%,59.67
tapu harcı ne kadar,0,9,0%,63.78
şehit ferhat koç sitesi,0,8,0%,4.62
veracity eryaman,0,8,0%,5.25
sarıgül sitesi satılık,0,8,0%,5.88
istgate satılık,0,8,0%,6.12
eryaman mutlu sitesi kiralık daire,0,8,0%,6.62
eryaman atakent vadi sitesi satılık daire,0,8,0%,6.88
eryaman cumhuriyet sitesi kiralık daire,0,8,0%,7
eryaman gökkuşağı sitesi,0,8,0%,7.12
green place,0,8,0%,7.12
mavi çam sitesi satılık daire,0,8,0%,7.12
hit yeni batı haktanır konutları,0,8,0%,7.62
ap ist port kiralık,0,8,0%,7.75
trend life satılık daire,0,8,0%,7.88
metromall sitesi,0,8,0%,8
endora plus eryaman,0,8,0%,8.25
meva şehir ankara kiralık,0,8,0%,8.25
eryaman sarıgül sitesi satılık daire,0,8,0%,8.38
istway satılık,0,8,0%,8.38
kıratlı residence,0,8,0%,8.38
starlife göksu,0,8,0%,8.38
paro life,0,8,0%,8.5
taflan sitesi eryaman,0,8,0%,8.5
terasevler kiralık daire,0,8,0%,8.62
ankara eryaman mahalleleri,0,8,0%,8.75
wind göksu kiralık,0,8,0%,8.75
mia konsept,0,8,0%,9
nisanur sitesi kiralık daire,0,8,0%,9
ruşen park evleri satılık,0,8,0%,9
ilke sitesi satılık daire,0,8,0%,9.5
inci life eryaman,0,8,0%,9.62
ki dan km ne geçiş ve cins değişikliği işleminden ne demek,0,8,0%,9.62
age blokları,0,8,0%,10
astim metrolife kiralık daire,0,8,0%,10.12
kat mülkiyeti masrafı ne kadar,0,8,0%,10.38
eryaman ataşehir,0,8,0%,10.5
göksu marina sitesi,0,8,0%,10.5
teras evler eryaman,0,8,0%,10.62
arissa eryaman,0,8,0%,10.88
adres eryaman,0,8,0%,11
göksu angora evleri,0,8,0%,11.12
klima blokları,0,8,0%,11.12
gökdemir suit,0,8,0%,11.75
pozitif life,0,8,0%,11.75
ata yıldız yaşam konutları,0,8,0%,11.88
akkonaklar,0,8,0%,12
tefe tufe kira,0,8,0%,33.88
ankara emlakçı,0,7,0%,2.29
emlakçıya vekalet verilir mi,0,7,0%,4.43
yeni akdam sitesi,0,7,0%,4.86
eryaman çınar sitesi satılık daire,0,7,0%,5.43
neva palas eryaman,0,7,0%,5.43
doğa konutları eryaman,0,7,0%,5.57
eryaman neva prestij satılık daire,0,7,0%,6.14