kol	sayfa	site_gos	site_tik	konum	eski_adres_gos	eski_adres_tik	yalin_gos(sorgusu gorunen)	yalin_tik
tedavi	eryaman-mahallesi/oyak-555-konut-sitesi	2306	40	5.66	0	0	426	3
tedavi	sehit-osman-avci-mahallesi/mia-concept-konutlari	841	5	6.42	0	0	420	0
tedavi	tunahan-mahallesi/mavicam-sitesi	732	15	7.84	0	0	237	1
tedavi	tunahan-mahallesi/canberk-sitesi	660	9	7.79	0	0	109	0
tedavi	goksu-mahallesi/havuzlu-bahce-konutlari	509	8	8.59	0	0	155	0
tedavi	sehit-osman-avci-mahallesi/arkadya-goksu-evleri	504	6	8.41	0	0	129	1
tedavi	tunahan-mahallesi/age-sitesi	441	2	7.86	0	0	82	0
tedavi	seyh-samil-mahallesi/atayildiz-yasam-konutlari	433	2	9.17	0	0	219	0
tedavi	sehit-osman-avci-mahallesi/bordo-life-residence	427	1	7.24	0	0	185	0
tedavi	yavuz-selim-mahallesi/dogapark-sitesi	387	4	6.93	0	0	132	0
tedavi	sehit-osman-avci-mahallesi/kiratli-residence	370	2	5.7	385	0	437	0
tedavi	yavuz-selim-mahallesi/serhatkent-sitesi	320	3	7.38	0	0	116	0
tedavi	goksu-mahallesi/goksu-metrokent-sitesi	301	6	7.47	0	0	81	0
tedavi	yavuz-selim-mahallesi/terasevler-eryaman	289	2	7.69	0	0	188	0
tedavi	tunahan-mahallesi/sutek-sitesi	281	1	6.17	178	7	73	0
tedavi	eryaman-mahallesi/basak-sitesi	280	6	8.08	0	0	171	0
tedavi	sehit-osman-avci-mahallesi/bp-residence-eryaman	269	6	6.52	71	2	156	5
tedavi	yavuz-selim-mahallesi/yurt-prestij-konutlari	265	7	6.05	0	0	138	2
tedavi	eryaman-mahallesi/ankapark-konutlari	258	3	8.38	0	0	102	1
tedavi	seyh-samil-mahallesi/demirel-park-evleri	247	3	7.16	0	0	122	0
tedavi	yesilova-mahallesi/pozitif-life	241	1	8.08	0	0	80	0
tedavi	seker-mahallesi/meydan-ada-sitesi	234	4	6.6	0	0	104	1
tedavi	seyh-samil-mahallesi/ilona-konutlari	226	0	7.85	95	0	36	0
tedavi	yesilova-mahallesi/penta-5	225	0	8.86	0	0	117	0
tedavi	goksu-mahallesi/irem-konutlari	212	6	7.33	59	1	89	0
tedavi	sehit-osman-avci-mahallesi/bulvar-1071-sitesi	207	4	7.57	2	0	52	0
tedavi	tunahan-mahallesi/neopolitan-eryaman	205	6	7.61	0	0	57	1
tedavi	eryaman-mahallesi/atakent-2-cumhuriyet-sitesi	203	5	7.92	0	0	79	1
tedavi	seker-mahallesi/altas-rezidans	200	7	6.14	7	0	76	3
tedavi	yavuz-selim-mahallesi/elit-nar-cicegi	195	6	7.86	243	6	108	4
tedavi	devlet-mahallesi/bayrak-sitesi	193	4	6.98	0	0	74	2
tedavi	altay-mahallesi/arya-nuans-residence	187	1	7.57	6	0	81	1
tedavi	yavuz-selim-mahallesi/yeni-kaynak-sitesi	182	2	6.43	0	0	92	0
tedavi	yavuz-selim-mahallesi/serpil-sitesi	176	4	8.81	0	0	57	0
tedavi	sehit-osman-avci-mahallesi/cizgi-otesi-residence	174	0	8.44	0	0	46	0
tedavi	seker-mahallesi/akdal-residence	167	2	5.66	40	1	94	0
tedavi	sehit-osman-avci-mahallesi/gokdemirler-suit	165	1	7.09	0	0	51	0
tedavi	eryaman-mahallesi/atakent-1-asiyan-sitesi	164	6	8.59	0	0	34	0
tedavi	eryaman-mahallesi/yeni-portakal-cicegi-sitesi	159	1	8.62	0	0	80	1
tedavi	seyh-samil-mahallesi/umar-sitesi	156	0	8.37	3	0	38	0
tedavi	devlet-mahallesi/bilgi-sevgi-hosgoru-sitesi	155	2	6.94	0	0	61	0
tedavi	yavuz-selim-mahallesi/atadostlar-sitesi	153	1	8.65	0	0	88	0
tedavi	devlet-mahallesi/asiyan-sitesi	149	1	8.03	0	0	32	0
tedavi	sehit-osman-avci-mahallesi/address-goksu	148	3	9.78	0	0	60	0
tedavi	goksu-mahallesi/polsan1-ayisigi-sitesi	146	2	7.72	6	0	27	1
tedavi	sehit-osman-avci-mahallesi/bordo-platinum-residence	144	0	8.88	0	0	15	0
tedavi	guzelkent-mahallesi/boyut-sitesi	140	2	8.43	0	0	66	0
tedavi	goksu-mahallesi/yeniceri-kule	139	1	8.32	3	0	22	0
tedavi	yavuz-selim-mahallesi/endora-eryaman	138	0	8.27	0	0	13	0
tedavi	eryaman-mahallesi/platin-2-konutlari	137	0	8.47	0	0	42	0
kontrol	sehit-osman-avci-mahallesi/relax-goksu-konutlari	1659	5	8.87	4	0	851	0
kontrol	goksu-mahallesi/kasmir-mavi-orkide-sitesi	737	11	7.85	0	0	56	0
kontrol	goksu-mahallesi/polsan-1-bahar-sitesi	660	15	7.05	3	0	133	2
kontrol	sehit-osman-avci-mahallesi/kc-lale-evleri	546	8	8.46	0	0	77	0
kontrol	tunahan-mahallesi/dema-park	505	3	7.36	0	0	216	1
kontrol	sehit-osman-avci-mahallesi/koz-modern	476	3	9.63	0	0	289	0
kontrol	altay-mahallesi/address-eryaman	439	12	8.11	0	0	109	0
kontrol	goksu-mahallesi/yesil-gol-sitesi	432	11	8.81	0	0	115	0
kontrol	devlet-mahallesi/eryaman-royal-city	396	34	6.64	0	0	147	5
kontrol	eryaman-mahallesi/atakent-vadi-sitesi	375	3	8.77	0	0	131	0
kontrol	goksu-mahallesi/konum-eryaman	325	19	8.27	0	0	58	0
kontrol	tunahan-mahallesi/sarigul-sitesi	319	2	7.1	0	0	100	0
kontrol	sehit-osman-avci-mahallesi/alpak-neve-armonia-residence	290	3	8.32	0	0	62	1
kontrol	sehit-osman-avci-mahallesi/hill-tower-goksu	288	2	7.96	0	0	192	0
kontrol	seyh-samil-mahallesi/inci-park-evleri	280	10	6.79	0	0	75	1
kontrol	goksu-mahallesi/mercan-smart-house	276	48	3.54	0	0	98	8
kontrol	tunahan-mahallesi/metromall-sitesi	265	5	7.32	0	0	46	1
kontrol	yesilova-mahallesi/sertower-busidence	259	9	7.61	0	0	92	0
kontrol	tunahan-mahallesi/ozar-sitesi	257	2	7.01	0	0	56	1
kontrol	sehit-osman-avci-mahallesi/happy-life-residence	244	10	5.74	0	0	78	1
kontrol	sehit-osman-avci-mahallesi/safir-rezidans	235	2	7.38	0	0	108	0
kontrol	tunahan-mahallesi/kur-sitesi-46496-ada	228	3	8.96	0	0	107	2
kontrol	goksu-mahallesi/park-mira-evleri	226	8	7.88	0	0	58	0
kontrol	sehit-osman-avci-mahallesi/neva-prestij-konutlari	213	5	7.35	0	0	116	2
kontrol	goksu-mahallesi/havuzlu-evler-sitesi	210	1	7.98	8	0	87	0
kontrol	eryaman-mahallesi/ilke-sitesi	207	6	8.02	3	0	85	2
kontrol	seker-mahallesi/bahcen-eryaman-konutlari	204	1	9.35	0	0	17	0
kontrol	devlet-mahallesi/ornek-ari-sitesi	201	20	4.94	0	0	77	4
kontrol	guzelkent-mahallesi/guzel-ankara-sitesi	198	2	8.43	0	0	39	0
kontrol	sehit-osman-avci-mahallesi/karma-modern	194	18	3.85	0	0	84	1
kontrol	sehit-osman-avci-mahallesi/ardic-sitesi	190	7	5.97	0	0	63	2
kontrol	goksu-mahallesi/aksafak-sitesi	187	3	7.75	0	0	106	1
kontrol	yesilova-mahallesi/sakalar-tower	179	0	10.3	0	0	70	0
kontrol	tunahan-mahallesi/gokdemir-premium	176	5	8.77	0	0	19	0
kontrol	tunahan-mahallesi/haznedaroglu-bloklari	173	1	8.53	0	0	52	1
kontrol	sehit-osman-avci-mahallesi/akasya-sitesi	165	0	7.09	123	0	57	0
kontrol	sehit-osman-avci-mahallesi/metropark-plus	165	6	5.24	0	0	8	0
kontrol	devlet-mahallesi/mil-kooperatifi-sitesi	160	5	7.96	0	0	14	0
kontrol	goksu-mahallesi/goksu-park-vadi-konutlari	157	2	8.68	15	0	58	1
kontrol	sehit-osman-avci-mahallesi/daldikenler-yasemin-evleri-sitesi	156	13	6.62	0	0	13	0
kontrol	altay-mahallesi/mesa-bloklari	154	2	8.09	0	0	1	0
kontrol	sehit-osman-avci-mahallesi/maybak-sitesi	150	2	9.39	0	0	98	0
kontrol	yesilova-mahallesi/kayra-loft	148	1	6.55	0	0	57	1
kontrol	goksu-mahallesi/golkent-1-sitesi	147	2	8.16	0	0	65	0
kontrol	tunahan-mahallesi/elit-yasam-evleri	146	5	6.84	0	0	17	0
kontrol	tunahan-mahallesi/akturk-sitesi	143	1	7.84	0	0	27	0
kontrol	seyh-samil-mahallesi/gul-sitesi	140	4	6.7	0	0	40	1
kontrol	sehit-osman-avci-mahallesi/elit-yasam-konutlari-2	139	5	8.62	0	0	56	1
kontrol	guzelkent-mahallesi/erkent-sitesi	138	1	8.75	0	0	67	0
kontrol	sehit-osman-avci-mahallesi/demirer-sitesi	136	3	6.88	0	0	81	1
