https://www.siringayrimenkul.com/	MEVCUT	Submitted and indexed	2026-08-23T13:48:10Z
https://www.siringayrimenkul.com/mahalleler	MEVCUT	Submitted and indexed	2026-08-26T14:10:16Z
https://www.siringayrimenkul.com/etaplar	MEVCUT	Submitted and indexed	2026-08-09T12:47:12Z
https://www.siringayrimenkul.com/siteler	MEVCUT	Submitted and indexed	2026-07-02T17:42:08Z
https://www.siringayrimenkul.com/ev-degerleme	MEVCUT	Submitted and indexed	2026-08-16T20:29:43Z
https://www.siringayrimenkul.com/eryamanda-ev-satmak	MEVCUT	Submitted and indexed	2026-07-20T16:54:48Z
https://www.siringayrimenkul.com/eryamanda-ev-kiraya-vermek	MEVCUT	Submitted and indexed	2026-08-17T20:17:23Z
https://www.siringayrimenkul.com/araclar	MEVCUT	Submitted and indexed	2026-08-13T10:17:58Z
https://www.siringayrimenkul.com/araclar/kira-artisi-hesaplama	MEVCUT	Submitted and indexed	2026-07-20T06:41:04Z
https://www.siringayrimenkul.com/araclar/tapu-harci-hesaplama	MEVCUT	Submitted and indexed	2026-07-19T14:04:53Z
https://www.siringayrimenkul.com/araclar/emlak-komisyonu-hesaplama	MEVCUT	Submitted and indexed	2026-07-20T06:07:01Z
https://www.siringayrimenkul.com/araclar/site-karsilastirma	MEVCUT	Submitted and indexed	2026-07-30T19:12:09Z
https://www.siringayrimenkul.com/eryaman-site-dokusu	MEVCUT	Submitted and indexed	2026-08-23T17:33:46Z
https://www.siringayrimenkul.com/sozluk	MEVCUT	Submitted and indexed	2026-07-14T20:07:10Z
https://www.siringayrimenkul.com/gizlilik	MEVCUT	Submitted and indexed	2026-08-25T13:30:21Z
https://www.siringayrimenkul.com/hakkimizda	MEVCUT	Submitted and indexed	2026-08-26T16:09:25Z
https://www.siringayrimenkul.com/iletisim	MEVCUT	Submitted and indexed	2026-08-21T13:52:35Z
https://www.siringayrimenkul.com/mahalleler/altay-mahallesi	MEVCUT	Submitted and indexed	2026-08-23T02:50:50Z
https://www.siringayrimenkul.com/mahalleler/devlet-mahallesi	MEVCUT	Submitted and indexed	2026-08-23T18:26:38Z
https://www.siringayrimenkul.com/mahalleler/eryaman-mahallesi	MEVCUT	Submitted and indexed	2026-08-21T06:27:54Z
https://www.siringayrimenkul.com/mahalleler/goksu-mahallesi	MEVCUT	Submitted and indexed	2026-08-17T04:40:01Z
https://www.siringayrimenkul.com/mahalleler/guzelkent-mahallesi	MEVCUT	Submitted and indexed	2026-08-25T15:58:18Z
https://www.siringayrimenkul.com/mahalleler/sehit-osman-avci-mahallesi	MEVCUT	Submitted and indexed	2026-08-26T00:03:10Z
https://www.siringayrimenkul.com/mahalleler/seker-mahallesi	MEVCUT	Submitted and indexed	2026-08-15T21:02:03Z
https://www.siringayrimenkul.com/mahalleler/seyh-samil-mahallesi	MEVCUT	Submitted and indexed	2026-08-11T07:13:50Z
https://www.siringayrimenkul.com/mahalleler/tunahan-mahallesi	MEVCUT	Submitted and indexed	2026-08-17T15:36:08Z
https://www.siringayrimenkul.com/mahalleler/yavuz-selim-mahallesi	MEVCUT	Submitted and indexed	2026-08-17T18:13:47Z
https://www.siringayrimenkul.com/mahalleler/yesilova-mahallesi	MEVCUT	Submitted and indexed	2026-08-23T11:52:09Z
https://www.siringayrimenkul.com/mahalleler/altay-mahallesi/address-eryaman	MEVCUT	Submitted and indexed	2026-08-23T11:42:41Z
https://www.siringayrimenkul.com/mahalleler/altay-mahallesi/age-bloklari	MEVCUT	Submitted and indexed	2026-08-25T17:40:56Z
https://www.siringayrimenkul.com/mahalleler/altay-mahallesi/akturk-bloklari	MEVCUT	Submitted and indexed	2026-08-16T00:08:41Z
https://www.siringayrimenkul.com/mahalleler/altay-mahallesi/arya-nuans-residence	MEVCUT	Submitted and indexed	2026-07-31T19:03:55Z
https://www.siringayrimenkul.com/mahalleler/altay-mahallesi/ataturk-sitesi	MEVCUT	Submitted and indexed	2026-07-26T11:43:25Z
https://www.siringayrimenkul.com/mahalleler/altay-mahallesi/betontas-bloklari	MEVCUT	Submitted and indexed	2026-08-22T07:52:02Z
https://www.siringayrimenkul.com/mahalleler/altay-mahallesi/cabadag-bloklari	MEVCUT	Submitted and indexed	2026-07-26T07:34:27Z
https://www.siringayrimenkul.com/mahalleler/altay-mahallesi/doktorlar-sitesi	MEVCUT	Submitted and indexed	2026-07-26T04:28:20Z
https://www.siringayrimenkul.com/mahalleler/altay-mahallesi/erland-residence	MEVCUT	Submitted and indexed	2026-08-08T09:49:33Z
https://www.siringayrimenkul.com/mahalleler/altay-mahallesi/eryaman-park-evleri	YOK	Discovered - currently not indexed	-
https://www.siringayrimenkul.com/mahalleler/altay-mahallesi/firat-life-style-botanik	MEVCUT	Submitted and indexed	2026-08-25T06:27:55Z
https://www.siringayrimenkul.com/mahalleler/altay-mahallesi/frekans-eryaman	MEVCUT	Submitted and indexed	2026-07-31T19:05:53Z
https://www.siringayrimenkul.com/mahalleler/altay-mahallesi/ilbeyi-sitesi	MEVCUT	Submitted and indexed	2026-08-22T07:47:43Z
https://www.siringayrimenkul.com/mahalleler/altay-mahallesi/izgi-park-evleri	MEVCUT	Submitted and indexed	2026-08-02T06:08:48Z
https://www.siringayrimenkul.com/mahalleler/altay-mahallesi/kutlutas-sitesi	MEVCUT	Submitted and indexed	2026-08-26T16:58:54Z
https://www.siringayrimenkul.com/mahalleler/altay-mahallesi/lila-park	MEVCUT	Submitted and indexed	2026-08-20T03:53:48Z
https://www.siringayrimenkul.com/mahalleler/altay-mahallesi/mesa-bloklari	MEVCUT	Submitted and indexed	2026-07-27T10:58:46Z
https://www.siringayrimenkul.com/mahalleler/altay-mahallesi/mood-street	MEVCUT	Submitted and indexed	2026-08-21T11:26:59Z
https://www.siringayrimenkul.com/mahalleler/altay-mahallesi/motto-butik	MEVCUT	Submitted and indexed	2026-07-26T20:59:31Z
https://www.siringayrimenkul.com/mahalleler/altay-mahallesi/oasis-tower	MEVCUT	Submitted and indexed	2026-08-08T09:51:39Z
https://www.siringayrimenkul.com/mahalleler/altay-mahallesi/palmiye-evleri	MEVCUT	Submitted and indexed	2026-08-14T11:01:56Z
https://www.siringayrimenkul.com/mahalleler/altay-mahallesi/pembe-ruya-evleri	MEVCUT	Submitted and indexed	2026-08-19T15:23:03Z
https://www.siringayrimenkul.com/mahalleler/altay-mahallesi/sutek-bloklari	MEVCUT	Submitted and indexed	2026-08-19T05:46:55Z
https://www.siringayrimenkul.com/mahalleler/altay-mahallesi/uzuner-konutlari	MEVCUT	Submitted and indexed	2026-08-11T07:40:52Z
https://www.siringayrimenkul.com/mahalleler/altay-mahallesi/vatan-sitesi	YOK	Discovered - currently not indexed	-
https://www.siringayrimenkul.com/mahalleler/altay-mahallesi/vizyon-prestige	MEVCUT	Submitted and indexed	2026-07-26T11:11:27Z
https://www.siringayrimenkul.com/mahalleler/devlet-mahallesi/4-devlet-mahallesi-sitesi	MEVCUT	Submitted and indexed	2026-07-26T09:03:18Z
https://www.siringayrimenkul.com/mahalleler/devlet-mahallesi/alis-sitesi	MEVCUT	Submitted and indexed	2026-07-29T03:41:39Z
https://www.siringayrimenkul.com/mahalleler/devlet-mahallesi/arslanlar-sitesi	YOK	Discovered - currently not indexed	-
https://www.siringayrimenkul.com/mahalleler/devlet-mahallesi/asiyan-sitesi	MEVCUT	Submitted and indexed	2026-08-26T22:01:38Z
https://www.siringayrimenkul.com/mahalleler/devlet-mahallesi/bayrak-sitesi	MEVCUT	Submitted and indexed	2026-08-21T11:28:05Z
https://www.siringayrimenkul.com/mahalleler/devlet-mahallesi/betim-sitesi	MEVCUT	Submitted and indexed	2026-07-26T01:50:13Z
https://www.siringayrimenkul.com/mahalleler/devlet-mahallesi/bilgi-sevgi-hosgoru-sitesi	MEVCUT	Submitted and indexed	2026-08-26T16:22:54Z
https://www.siringayrimenkul.com/mahalleler/devlet-mahallesi/cevizlidere-sitesi	MEVCUT	Submitted and indexed	2026-08-11T11:54:14Z
https://www.siringayrimenkul.com/mahalleler/devlet-mahallesi/cagkent-sitesi	MEVCUT	Submitted and indexed	2026-08-09T13:50:12Z
https://www.siringayrimenkul.com/mahalleler/devlet-mahallesi/camdali-sitesi	MEVCUT	Submitted and indexed	2026-08-12T22:40:31Z
https://www.siringayrimenkul.com/mahalleler/devlet-mahallesi/cayilkay-sitesi	MEVCUT	Submitted and indexed	2026-07-26T07:26:00Z
https://www.siringayrimenkul.com/mahalleler/devlet-mahallesi/cinar-sitesi	MEVCUT	Submitted and indexed	2026-07-29T10:18:47Z
https://www.siringayrimenkul.com/mahalleler/devlet-mahallesi/dastarli-sitesi	YOK	URL is unknown to Google	-
https://www.siringayrimenkul.com/mahalleler/devlet-mahallesi/demirkent-sitesi	MEVCUT	Submitted and indexed	2026-08-14T05:55:16Z
https://www.siringayrimenkul.com/mahalleler/devlet-mahallesi/denizim-sitesi	YOK	URL is unknown to Google	-
https://www.siringayrimenkul.com/mahalleler/devlet-mahallesi/eryaman-royal-city	MEVCUT	Submitted and indexed	2026-08-25T21:04:59Z
https://www.siringayrimenkul.com/mahalleler/devlet-mahallesi/gulhayat-sitesi	MEVCUT	Submitted and indexed	2026-07-27T00:50:49Z
https://www.siringayrimenkul.com/mahalleler/devlet-mahallesi/guneyce-sitesi	MEVCUT	Submitted and indexed	2026-07-26T13:40:31Z
https://www.siringayrimenkul.com/mahalleler/devlet-mahallesi/hotki-meydan	MEVCUT	Submitted and indexed	2026-08-01T13:58:18Z
https://www.siringayrimenkul.com/mahalleler/devlet-mahallesi/ikizler-sitesi	MEVCUT	Submitted and indexed	2026-08-19T10:45:23Z
https://www.siringayrimenkul.com/mahalleler/devlet-mahallesi/ilk-bahar-sitesi	MEVCUT	Submitted and indexed	2026-07-29T01:09:45Z
https://www.siringayrimenkul.com/mahalleler/devlet-mahallesi/mavi-koy-sitesi	YOK	URL is unknown to Google	-
https://www.siringayrimenkul.com/mahalleler/devlet-mahallesi/mavikent-sitesi	MEVCUT	Submitted and indexed	2026-07-26T09:06:26Z
https://www.siringayrimenkul.com/mahalleler/devlet-mahallesi/mil-kooperatifi-sitesi	MEVCUT	Submitted and indexed	2026-07-26T11:08:51Z
https://www.siringayrimenkul.com/mahalleler/devlet-mahallesi/oray-sitesi	MEVCUT	Submitted and indexed	2026-08-05T04:57:14Z
https://www.siringayrimenkul.com/mahalleler/devlet-mahallesi/ornek-ari-sitesi	MEVCUT	Submitted and indexed	2026-08-18T01:23:26Z
https://www.siringayrimenkul.com/mahalleler/devlet-mahallesi/oz-gimat-sitesi	MEVCUT	Submitted and indexed	2026-08-12T22:41:46Z
https://www.siringayrimenkul.com/mahalleler/devlet-mahallesi/ozarda-gokturk-sitesi	MEVCUT	Submitted and indexed	2026-07-27T02:58:14Z
https://www.siringayrimenkul.com/mahalleler/devlet-mahallesi/ozdenizyildizi-sitesi	MEVCUT	Submitted and indexed	2026-07-26T09:03:11Z
https://www.siringayrimenkul.com/mahalleler/devlet-mahallesi/referans-ankara	MEVCUT	Submitted and indexed	2026-08-05T01:25:10Z
https://www.siringayrimenkul.com/mahalleler/devlet-mahallesi/sahil-sitesi	MEVCUT	Submitted and indexed	2026-07-27T00:06:43Z
https://www.siringayrimenkul.com/mahalleler/devlet-mahallesi/sari-cinar-sitesi	MEVCUT	Submitted and indexed	2026-08-26T00:33:50Z
https://www.siringayrimenkul.com/mahalleler/devlet-mahallesi/sedirkent-sitesi	YOK	Discovered - currently not indexed	-
https://www.siringayrimenkul.com/mahalleler/devlet-mahallesi/selcuklu-sitesi	MEVCUT	Submitted and indexed	2026-07-29T00:24:51Z
https://www.siringayrimenkul.com/mahalleler/devlet-mahallesi/sergah-evleri	YOK	Discovered - currently not indexed	-
https://www.siringayrimenkul.com/mahalleler/devlet-mahallesi/sozova-sitesi	MEVCUT	Submitted and indexed	2026-07-26T09:06:14Z
https://www.siringayrimenkul.com/mahalleler/devlet-mahallesi/tes-is-bloklari	MEVCUT	Submitted and indexed	2026-08-27T02:08:42Z
https://www.siringayrimenkul.com/mahalleler/devlet-mahallesi/turgut-aslan-sitesi	MEVCUT	Submitted and indexed	2026-07-26T09:10:09Z
https://www.siringayrimenkul.com/mahalleler/devlet-mahallesi/turkkonut-istas-sitesi	MEVCUT	Submitted and indexed	2026-07-26T17:15:40Z
https://www.siringayrimenkul.com/mahalleler/devlet-mahallesi/turkkonut-sinem-sitesi	MEVCUT	Submitted and indexed	2026-08-27T05:06:04Z
https://www.siringayrimenkul.com/mahalleler/devlet-mahallesi/vatan-sitesi	YOK	Discovered - currently not indexed	-
https://www.siringayrimenkul.com/mahalleler/devlet-mahallesi/yeni-huzur-bahcesi-sitesi	MEVCUT	Submitted and indexed	2026-07-26T07:47:07Z
https://www.siringayrimenkul.com/mahalleler/devlet-mahallesi/yesiloz-sitesi	YOK	URL is unknown to Google	-
https://www.siringayrimenkul.com/mahalleler/devlet-mahallesi/yildiz-tatil-sitesi	MEVCUT	Submitted and indexed	2026-08-14T00:45:49Z
https://www.siringayrimenkul.com/mahalleler/devlet-mahallesi/yuceyurt-sitesi	MEVCUT	Submitted and indexed	2026-07-30T22:42:06Z
https://www.siringayrimenkul.com/mahalleler/eryaman-mahallesi/akasya-evleri	MEVCUT	Submitted and indexed	2026-08-24T19:19:38Z
https://www.siringayrimenkul.com/mahalleler/eryaman-mahallesi/akkonaklar-sitesi	MEVCUT	Submitted and indexed	2026-08-01T10:22:31Z
https://www.siringayrimenkul.com/mahalleler/eryaman-mahallesi/ankapark-konutlari	MEVCUT	Submitted and indexed	2026-08-17T02:00:50Z
https://www.siringayrimenkul.com/mahalleler/eryaman-mahallesi/armina-park-evleri	MEVCUT	Submitted and indexed	2026-08-12T22:45:51Z
https://www.siringayrimenkul.com/mahalleler/eryaman-mahallesi/arya-evleri	MEVCUT	Submitted and indexed	2026-08-17T15:45:21Z
https://www.siringayrimenkul.com/mahalleler/eryaman-mahallesi/asm-golt-sitesi	MEVCUT	Submitted and indexed	2026-08-11T14:46:22Z
https://www.siringayrimenkul.com/mahalleler/eryaman-mahallesi/asm-prestij-konutlari	MEVCUT	Submitted and indexed	2026-08-24T09:35:51Z
https://www.siringayrimenkul.com/mahalleler/eryaman-mahallesi/atakent-1-asiyan-sitesi	YOK	Discovered - currently not indexed	-
https://www.siringayrimenkul.com/mahalleler/eryaman-mahallesi/atakent-2-cumhuriyet-sitesi	MEVCUT	Submitted and indexed	2026-07-26T10:26:19Z
https://www.siringayrimenkul.com/mahalleler/eryaman-mahallesi/atakent-metro-sitesi	MEVCUT	Submitted and indexed	2026-08-11T10:27:15Z
https://www.siringayrimenkul.com/mahalleler/eryaman-mahallesi/atakent-sitesi	MEVCUT	Submitted and indexed	2026-08-17T02:43:56Z
https://www.siringayrimenkul.com/mahalleler/eryaman-mahallesi/atakent-vadi-sitesi	MEVCUT	Submitted and indexed	2026-08-18T15:21:45Z
https://www.siringayrimenkul.com/mahalleler/eryaman-mahallesi/ay-sitesi	MEVCUT	Submitted and indexed	2026-08-24T19:51:02Z
https://www.siringayrimenkul.com/mahalleler/eryaman-mahallesi/ayka-park-sitesi	MEVCUT	Submitted and indexed	2026-08-11T10:31:43Z
https://www.siringayrimenkul.com/mahalleler/eryaman-mahallesi/bahar-sitesi	MEVCUT	Submitted and indexed	2026-07-27T03:53:00Z
https://www.siringayrimenkul.com/mahalleler/eryaman-mahallesi/basak-sitesi	MEVCUT	Submitted and indexed	2026-07-30T04:35:37Z
https://www.siringayrimenkul.com/mahalleler/eryaman-mahallesi/beyaz-residence	MEVCUT	Submitted and indexed	2026-07-27T05:07:31Z
https://www.siringayrimenkul.com/mahalleler/eryaman-mahallesi/cumhuriyet-sitesi	MEVCUT	Submitted and indexed	2026-08-14T00:47:48Z
https://www.siringayrimenkul.com/mahalleler/eryaman-mahallesi/caglar-sitesi	MEVCUT	Submitted and indexed	2026-08-17T02:53:50Z
https://www.siringayrimenkul.com/mahalleler/eryaman-mahallesi/cigdem-sitesi	MEVCUT	Submitted and indexed	2026-07-27T11:12:46Z
https://www.siringayrimenkul.com/mahalleler/eryaman-mahallesi/dogakent-konutlari	MEVCUT	Submitted and indexed	2026-08-14T00:43:46Z
https://www.siringayrimenkul.com/mahalleler/eryaman-mahallesi/dogankaya-sitesi	MEVCUT	Submitted and indexed	2026-07-27T09:35:14Z
https://www.siringayrimenkul.com/mahalleler/eryaman-mahallesi/elif-elvan-sitesi	MEVCUT	Submitted and indexed	2026-08-15T20:25:27Z
https://www.siringayrimenkul.com/mahalleler/eryaman-mahallesi/elif-ozgen-sitesi	MEVCUT	Submitted and indexed	2026-08-23T09:29:15Z
https://www.siringayrimenkul.com/mahalleler/eryaman-mahallesi/endora-park	MEVCUT	Submitted and indexed	2026-07-26T09:12:11Z
https://www.siringayrimenkul.com/mahalleler/eryaman-mahallesi/eryaman-evleri	MEVCUT	Submitted and indexed	2026-07-26T16:38:42Z
https://www.siringayrimenkul.com/mahalleler/eryaman-mahallesi/gencler-sitesi	MEVCUT	Submitted and indexed	2026-08-16T18:32:49Z
https://www.siringayrimenkul.com/mahalleler/eryaman-mahallesi/gunotesi-sitesi	MEVCUT	Submitted and indexed	2026-07-26T08:58:18Z
https://www.siringayrimenkul.com/mahalleler/eryaman-mahallesi/guzel-ankara-evleri-sitesi	YOK	URL is unknown to Google	-
https://www.siringayrimenkul.com/mahalleler/eryaman-mahallesi/hassas-cizgi-sitesi	MEVCUT	Submitted and indexed	2026-07-26T16:19:03Z
https://www.siringayrimenkul.com/mahalleler/eryaman-mahallesi/isikkent-sitesi	MEVCUT	Submitted and indexed	2026-07-26T09:02:56Z
https://www.siringayrimenkul.com/mahalleler/eryaman-mahallesi/ilke-sitesi	MEVCUT	Submitted and indexed	2026-08-12T22:40:31Z
https://www.siringayrimenkul.com/mahalleler/eryaman-mahallesi/intes-dogakent-konutlari	MEVCUT	Submitted and indexed	2026-07-26T10:21:30Z
https://www.siringayrimenkul.com/mahalleler/eryaman-mahallesi/kayaevleri-sitesi	MEVCUT	Submitted and indexed	2026-07-26T11:42:14Z
https://www.siringayrimenkul.com/mahalleler/eryaman-mahallesi/kent-konaklari-sitesi	MEVCUT	Submitted and indexed	2026-07-27T05:01:40Z
https://www.siringayrimenkul.com/mahalleler/eryaman-mahallesi/lacin-eryaman-sitesi	YOK	URL is unknown to Google	-
https://www.siringayrimenkul.com/mahalleler/eryaman-mahallesi/lapis-garden	MEVCUT	Submitted and indexed	2026-08-09T06:04:55Z
https://www.siringayrimenkul.com/mahalleler/eryaman-mahallesi/maximum-konutlari	MEVCUT	Submitted and indexed	2026-07-27T10:24:58Z
https://www.siringayrimenkul.com/mahalleler/eryaman-mahallesi/oyak-555-konut-sitesi	MEVCUT	Submitted and indexed	2026-08-26T06:07:12Z
https://www.siringayrimenkul.com/mahalleler/eryaman-mahallesi/oyak-sitesi	MEVCUT	Submitted and indexed	2026-07-26T11:08:00Z
https://www.siringayrimenkul.com/mahalleler/eryaman-mahallesi/ozgun-ipek-sitesi	MEVCUT	Submitted and indexed	2026-07-26T04:26:24Z
https://www.siringayrimenkul.com/mahalleler/eryaman-mahallesi/pasa-konaklari	MEVCUT	Submitted and indexed	2026-07-26T11:40:45Z
https://www.siringayrimenkul.com/mahalleler/eryaman-mahallesi/pinar-sitesi	MEVCUT	Submitted and indexed	2026-08-17T17:08:31Z
https://www.siringayrimenkul.com/mahalleler/eryaman-mahallesi/platin-2-konutlari	MEVCUT	Submitted and indexed	2026-07-27T10:49:04Z
https://www.siringayrimenkul.com/mahalleler/eryaman-mahallesi/platin-konutlari	MEVCUT	Submitted and indexed	2026-07-27T10:38:39Z
https://www.siringayrimenkul.com/mahalleler/eryaman-mahallesi/ra-da-life	MEVCUT	Submitted and indexed	2026-08-12T05:30:14Z
https://www.siringayrimenkul.com/mahalleler/eryaman-mahallesi/toki-konutlari	MEVCUT	Submitted and indexed	2026-08-07T00:28:28Z
https://www.siringayrimenkul.com/mahalleler/eryaman-mahallesi/turk-konut-calisanlar-sitesi	MEVCUT	Submitted and indexed	2026-07-27T18:10:53Z
https://www.siringayrimenkul.com/mahalleler/eryaman-mahallesi/yeni-portakal-cicegi-sitesi	MEVCUT	Submitted and indexed	2026-07-26T09:06:12Z
https://www.siringayrimenkul.com/mahalleler/eryaman-mahallesi/yeni-yayikli-sitesi	MEVCUT	Submitted and indexed	2026-08-19T11:11:16Z
https://www.siringayrimenkul.com/mahalleler/eryaman-mahallesi/yesil-manolya-sitesi	MEVCUT	Submitted and indexed	2026-08-16T05:25:34Z
https://www.siringayrimenkul.com/mahalleler/goksu-mahallesi/admira-goksu-konutlari	MEVCUT	Submitted and indexed	2026-07-27T00:01:15Z
https://www.siringayrimenkul.com/mahalleler/goksu-mahallesi/agacli-gol-sitesi	MEVCUT	Submitted and indexed	2026-08-11T19:43:42Z
https://www.siringayrimenkul.com/mahalleler/goksu-mahallesi/akduzen-sitesi	MEVCUT	Submitted and indexed	2026-08-11T19:47:37Z
https://www.siringayrimenkul.com/mahalleler/goksu-mahallesi/aksafak-sitesi	MEVCUT	Submitted and indexed	2026-07-27T04:17:27Z
https://www.siringayrimenkul.com/mahalleler/goksu-mahallesi/alina-konutlari	MEVCUT	Submitted and indexed	2026-08-20T02:55:48Z
https://www.siringayrimenkul.com/mahalleler/goksu-mahallesi/angora-sitesi	MEVCUT	Submitted and indexed	2026-08-11T19:55:37Z
https://www.siringayrimenkul.com/mahalleler/goksu-mahallesi/arissa-goksu	MEVCUT	Submitted and indexed	2026-07-26T09:06:03Z
https://www.siringayrimenkul.com/mahalleler/goksu-mahallesi/bahar-sitesi	MEVCUT	Submitted and indexed	2026-08-17T11:00:55Z
https://www.siringayrimenkul.com/mahalleler/goksu-mahallesi/bordo-loca	MEVCUT	Submitted and indexed	2026-07-31T19:09:57Z
https://www.siringayrimenkul.com/mahalleler/goksu-mahallesi/buse-konutlari	MEVCUT	Submitted and indexed	2026-07-26T16:41:09Z
https://www.siringayrimenkul.com/mahalleler/goksu-mahallesi/doga-konutlari	MEVCUT	Submitted and indexed	2026-07-28T04:24:15Z
https://www.siringayrimenkul.com/mahalleler/goksu-mahallesi/eceser-sitesi	MEVCUT	Submitted and indexed	2026-08-11T20:07:35Z
https://www.siringayrimenkul.com/mahalleler/goksu-mahallesi/enday-sitesi	MEVCUT	Submitted and indexed	2026-07-27T22:04:22Z
https://www.siringayrimenkul.com/mahalleler/goksu-mahallesi/endora-goksu	YOK	URL is unknown to Google	-
https://www.siringayrimenkul.com/mahalleler/goksu-mahallesi/evinora-sitesi	MEVCUT	Submitted and indexed	2026-08-26T11:26:02Z
https://www.siringayrimenkul.com/mahalleler/goksu-mahallesi/finest-bloklari	MEVCUT	Submitted and indexed	2026-07-26T11:41:21Z
https://www.siringayrimenkul.com/mahalleler/goksu-mahallesi/goksu-arma	YOK	Discovered - currently not indexed	-
https://www.siringayrimenkul.com/mahalleler/goksu-mahallesi/goksu-aura-sitesi	MEVCUT	Submitted and indexed	2026-07-27T02:56:52Z
https://www.siringayrimenkul.com/mahalleler/goksu-mahallesi/goksu-bilge-sitesi	YOK	Discovered - currently not indexed	-
https://www.siringayrimenkul.com/mahalleler/goksu-mahallesi/goksu-evleri-sitesi	MEVCUT	Submitted and indexed	2026-07-26T11:08:55Z
https://www.siringayrimenkul.com/mahalleler/goksu-mahallesi/goksu-manzara-evleri	MEVCUT	Submitted and indexed	2026-07-27T10:14:15Z
https://www.siringayrimenkul.com/mahalleler/goksu-mahallesi/goksu-metrokent-sitesi	MEVCUT	Submitted and indexed	2026-08-18T17:42:58Z
https://www.siringayrimenkul.com/mahalleler/goksu-mahallesi/goksu-park-vadi-konutlari	YOK	Discovered - currently not indexed	-
https://www.siringayrimenkul.com/mahalleler/goksu-mahallesi/goksu-vadi-konutlari	MEVCUT	Submitted and indexed	2026-07-27T11:32:54Z
https://www.siringayrimenkul.com/mahalleler/goksu-mahallesi/goksupark-konutlari	MEVCUT	Submitted and indexed	2026-07-27T09:28:02Z
https://www.siringayrimenkul.com/mahalleler/goksu-mahallesi/golkent-1-sitesi	MEVCUT	Submitted and indexed	2026-07-26T11:10:50Z
https://www.siringayrimenkul.com/mahalleler/goksu-mahallesi/golkent-sitesi	MEVCUT	Submitted and indexed	2026-07-26T01:39:23Z
https://www.siringayrimenkul.com/mahalleler/goksu-mahallesi/gsv-spor-sitesi	YOK	Duplicate, Google chose different canonical than user	2026-07-27T10:30:36Z
https://www.siringayrimenkul.com/mahalleler/goksu-mahallesi/hava-destek-sitesi	MEVCUT	Submitted and indexed	2026-08-07T00:28:28Z
https://www.siringayrimenkul.com/mahalleler/goksu-mahallesi/havacilar-sitesi	MEVCUT	Submitted and indexed	2026-07-26T21:08:42Z
https://www.siringayrimenkul.com/mahalleler/goksu-mahallesi/havuzlu-bahce-konutlari	MEVCUT	Submitted and indexed	2026-07-26T08:59:14Z
https://www.siringayrimenkul.com/mahalleler/goksu-mahallesi/havuzlu-evler-sitesi	MEVCUT	Submitted and indexed	2026-08-13T14:21:22Z
https://www.siringayrimenkul.com/mahalleler/goksu-mahallesi/hekimler-ve-saglikcilar-sitesi	MEVCUT	Submitted and indexed	2026-08-02T14:54:45Z
https://www.siringayrimenkul.com/mahalleler/goksu-mahallesi/ilgaz-life	MEVCUT	Submitted and indexed	2026-08-18T07:20:43Z
https://www.siringayrimenkul.com/mahalleler/goksu-mahallesi/irem-konutlari	YOK	URL is unknown to Google	-
https://www.siringayrimenkul.com/mahalleler/goksu-mahallesi/kafdagi-sitesi	YOK	Discovered - currently not indexed	-
https://www.siringayrimenkul.com/mahalleler/goksu-mahallesi/kasmir-gol-evleri	MEVCUT	Submitted and indexed	2026-08-19T00:15:31Z
https://www.siringayrimenkul.com/mahalleler/goksu-mahallesi/kasmir-mavi-orkide-sitesi	MEVCUT	Submitted and indexed	2026-07-26T08:48:07Z
https://www.siringayrimenkul.com/mahalleler/goksu-mahallesi/konum-eryaman	MEVCUT	Submitted and indexed	2026-07-26T09:27:34Z
https://www.siringayrimenkul.com/mahalleler/goksu-mahallesi/koru-eryaman	MEVCUT	Submitted and indexed	2026-07-27T04:53:39Z
https://www.siringayrimenkul.com/mahalleler/goksu-mahallesi/ma1-tower	MEVCUT	Submitted and indexed	2026-07-27T05:46:18Z
https://www.siringayrimenkul.com/mahalleler/goksu-mahallesi/maybak-konutlari	MEVCUT	Submitted and indexed	2026-07-27T16:15:21Z
https://www.siringayrimenkul.com/mahalleler/goksu-mahallesi/mercan-smart-house	MEVCUT	Submitted and indexed	2026-08-19T04:45:35Z
https://www.siringayrimenkul.com/mahalleler/goksu-mahallesi/merkez-sitesi	MEVCUT	Submitted and indexed	2026-07-26T06:22:34Z
https://www.siringayrimenkul.com/mahalleler/goksu-mahallesi/meydan-eryaman	MEVCUT	Submitted and indexed	2026-08-02T13:49:23Z
https://www.siringayrimenkul.com/mahalleler/goksu-mahallesi/mutlu-sitesi	MEVCUT	Submitted and indexed	2026-08-02T00:07:00Z
https://www.siringayrimenkul.com/mahalleler/goksu-mahallesi/oyak-goksupark	MEVCUT	Submitted and indexed	2026-07-27T14:27:42Z
https://www.siringayrimenkul.com/mahalleler/goksu-mahallesi/park-evo-konutlari	MEVCUT	Submitted and indexed	2026-08-11T10:40:54Z
https://www.siringayrimenkul.com/mahalleler/goksu-mahallesi/park-inci-konutlari	MEVCUT	Submitted and indexed	2026-07-27T10:31:53Z
https://www.siringayrimenkul.com/mahalleler/goksu-mahallesi/park-mira-evleri	MEVCUT	Submitted and indexed	2026-08-17T18:03:27Z
https://www.siringayrimenkul.com/mahalleler/goksu-mahallesi/paro-life	YOK	Discovered - currently not indexed	-
https://www.siringayrimenkul.com/mahalleler/goksu-mahallesi/polsan-1-bahar-sitesi	MEVCUT	Submitted and indexed	2026-08-13T10:56:15Z
https://www.siringayrimenkul.com/mahalleler/goksu-mahallesi/polsan-1-gozde-sitesi	MEVCUT	Submitted and indexed	2026-07-28T14:03:18Z
https://www.siringayrimenkul.com/mahalleler/goksu-mahallesi/polsan1-ayisigi-sitesi	YOK	URL is unknown to Google	-
https://www.siringayrimenkul.com/mahalleler/goksu-mahallesi/sergoksu-konutlari	MEVCUT	Submitted and indexed	2026-08-02T06:08:49Z
https://www.siringayrimenkul.com/mahalleler/goksu-mahallesi/seyirtepe-baspinar	MEVCUT	Submitted and indexed	2026-07-27T00:38:51Z
https://www.siringayrimenkul.com/mahalleler/goksu-mahallesi/sude-konutlari	MEVCUT	Submitted and indexed	2026-08-24T18:24:02Z
https://www.siringayrimenkul.com/mahalleler/goksu-mahallesi/selale-evleri-sitesi	MEVCUT	Submitted and indexed	2026-07-26T21:01:02Z
https://www.siringayrimenkul.com/mahalleler/goksu-mahallesi/tulip-life	MEVCUT	Submitted and indexed	2026-08-26T19:00:55Z
https://www.siringayrimenkul.com/mahalleler/goksu-mahallesi/utkan-sitesi	YOK	URL is unknown to Google	-
https://www.siringayrimenkul.com/mahalleler/goksu-mahallesi/utku-kent-2-sitesi	YOK	Discovered - currently not indexed	-
https://www.siringayrimenkul.com/mahalleler/goksu-mahallesi/uzunali-goksu-konutlari	MEVCUT	Submitted and indexed	2026-08-25T15:22:27Z
https://www.siringayrimenkul.com/mahalleler/goksu-mahallesi/uzunali-goksu-konutlari-2	MEVCUT	Submitted and indexed	2026-08-16T03:48:18Z
https://www.siringayrimenkul.com/mahalleler/goksu-mahallesi/vaditepe-baspinar	MEVCUT	Submitted and indexed	2026-07-27T09:44:04Z
https://www.siringayrimenkul.com/mahalleler/goksu-mahallesi/yeniceri-kule	MEVCUT	Submitted and indexed	2026-07-27T04:11:54Z
https://www.siringayrimenkul.com/mahalleler/goksu-mahallesi/yeniguc-sitesi-eryaman	MEVCUT	Submitted and indexed	2026-08-21T10:05:56Z
https://www.siringayrimenkul.com/mahalleler/goksu-mahallesi/yesil-gol-sitesi	MEVCUT	Submitted and indexed	2026-08-14T01:07:51Z
https://www.siringayrimenkul.com/mahalleler/goksu-mahallesi/zirveden-goksu	MEVCUT	Submitted and indexed	2026-07-31T07:22:40Z
https://www.siringayrimenkul.com/mahalleler/guzelkent-mahallesi/1-portakal-cicegi-sitesi	MEVCUT	Submitted and indexed	2026-08-26T19:03:53Z
https://www.siringayrimenkul.com/mahalleler/guzelkent-mahallesi/ak-91-sitesi	YOK	URL is unknown to Google	-
https://www.siringayrimenkul.com/mahalleler/guzelkent-mahallesi/akkonak-sitesi	MEVCUT	Submitted and indexed	2026-07-26T10:19:09Z
https://www.siringayrimenkul.com/mahalleler/guzelkent-mahallesi/aknergiz-sitesi	MEVCUT	Submitted and indexed	2026-07-29T07:55:15Z
https://www.siringayrimenkul.com/mahalleler/guzelkent-mahallesi/aksu-sitesi	MEVCUT	Submitted and indexed	2026-07-26T01:12:24Z
https://www.siringayrimenkul.com/mahalleler/guzelkent-mahallesi/altay-sitesi	YOK	URL is unknown to Google	-
https://www.siringayrimenkul.com/mahalleler/guzelkent-mahallesi/anadolu-sitesi	MEVCUT	Submitted and indexed	2026-07-27T04:28:03Z
https://www.siringayrimenkul.com/mahalleler/guzelkent-mahallesi/angora-sitesi	MEVCUT	Submitted and indexed	2026-07-27T03:40:46Z
https://www.siringayrimenkul.com/mahalleler/guzelkent-mahallesi/anka-2001-sitesi	MEVCUT	Submitted and indexed	2026-07-26T09:12:25Z
https://www.siringayrimenkul.com/mahalleler/guzelkent-mahallesi/ankolular-sitesi	MEVCUT	Submitted and indexed	2026-08-17T07:18:56Z
https://www.siringayrimenkul.com/mahalleler/guzelkent-mahallesi/arzutas-sitesi	YOK	Discovered - currently not indexed	-
https://www.siringayrimenkul.com/mahalleler/guzelkent-mahallesi/asilkent-sitesi	MEVCUT	Submitted and indexed	2026-07-26T10:44:19Z
https://www.siringayrimenkul.com/mahalleler/guzelkent-mahallesi/boyut-sitesi	MEVCUT	Submitted and indexed	2026-08-17T15:08:54Z
https://www.siringayrimenkul.com/mahalleler/guzelkent-mahallesi/buyuk-ankara-sitesi	MEVCUT	Submitted and indexed	2026-08-16T20:30:44Z
https://www.siringayrimenkul.com/mahalleler/guzelkent-mahallesi/cagdas-95-sitesi	MEVCUT	Submitted and indexed	2026-07-27T02:49:39Z
https://www.siringayrimenkul.com/mahalleler/guzelkent-mahallesi/cagdas-sistem-sitesi	MEVCUT	Submitted and indexed	2026-07-26T20:44:42Z
https://www.siringayrimenkul.com/mahalleler/guzelkent-mahallesi/cankaya-vefa-sitesi	MEVCUT	Submitted and indexed	2026-08-20T00:00:46Z
https://www.siringayrimenkul.com/mahalleler/guzelkent-mahallesi/cozum-kent-sitesi	MEVCUT	Submitted and indexed	2026-07-26T10:27:18Z
https://www.siringayrimenkul.com/mahalleler/guzelkent-mahallesi/didem-sitesi	MEVCUT	Submitted and indexed	2026-08-19T15:37:14Z
https://www.siringayrimenkul.com/mahalleler/guzelkent-mahallesi/dogus-91-sitesi	YOK	URL is unknown to Google	-
https://www.siringayrimenkul.com/mahalleler/guzelkent-mahallesi/durtas-91-sitesi	MEVCUT	Submitted and indexed	2026-07-26T09:02:59Z
https://www.siringayrimenkul.com/mahalleler/guzelkent-mahallesi/eczacilar-sitesi	MEVCUT	Submitted and indexed	2026-08-07T00:35:08Z
https://www.siringayrimenkul.com/mahalleler/guzelkent-mahallesi/ekin-sitesi	YOK	Discovered - currently not indexed	-
https://www.siringayrimenkul.com/mahalleler/guzelkent-mahallesi/elele-sitesi	YOK	URL is unknown to Google	-
https://www.siringayrimenkul.com/mahalleler/guzelkent-mahallesi/er-ay-3-sitesi	MEVCUT	Submitted and indexed	2026-07-26T07:25:07Z
https://www.siringayrimenkul.com/mahalleler/guzelkent-mahallesi/erenkoy-sitesi	MEVCUT	Submitted and indexed	2026-08-25T01:57:10Z
https://www.siringayrimenkul.com/mahalleler/guzelkent-mahallesi/erkent-sitesi	MEVCUT	Submitted and indexed	2026-07-26T09:49:35Z
https://www.siringayrimenkul.com/mahalleler/guzelkent-mahallesi/eryapi-sitesi	MEVCUT	Submitted and indexed	2026-07-26T07:19:38Z
https://www.siringayrimenkul.com/mahalleler/guzelkent-mahallesi/evrimkent-sitesi	MEVCUT	Submitted and indexed	2026-07-26T11:41:32Z
https://www.siringayrimenkul.com/mahalleler/guzelkent-mahallesi/gardenya-sitesi	MEVCUT	Submitted and indexed	2026-08-17T23:18:53Z
https://www.siringayrimenkul.com/mahalleler/guzelkent-mahallesi/gercek-92-sitesi	YOK	URL is unknown to Google	-
https://www.siringayrimenkul.com/mahalleler/guzelkent-mahallesi/gokkusagi-sitesi	MEVCUT	Submitted and indexed	2026-08-15T17:04:36Z
https://www.siringayrimenkul.com/mahalleler/guzelkent-mahallesi/goksu-sitesi	MEVCUT	Submitted and indexed	2026-08-22T07:41:28Z
https://www.siringayrimenkul.com/mahalleler/guzelkent-mahallesi/gordogu-sen-sitesi	YOK	Discovered - currently not indexed	-
https://www.siringayrimenkul.com/mahalleler/guzelkent-mahallesi/gozde-1-sitesi	MEVCUT	Submitted and indexed	2026-08-26T19:06:07Z
https://www.siringayrimenkul.com/mahalleler/guzelkent-mahallesi/gozde-2-sitesi	YOK	URL is unknown to Google	-
https://www.siringayrimenkul.com/mahalleler/guzelkent-mahallesi/gozde-91-sitesi	MEVCUT	Submitted and indexed	2026-07-26T08:58:49Z
https://www.siringayrimenkul.com/mahalleler/guzelkent-mahallesi/gulenkent-sitesi	MEVCUT	Submitted and indexed	2026-07-26T00:55:16Z
https://www.siringayrimenkul.com/mahalleler/guzelkent-mahallesi/gulsah-95-sitesi	YOK	Discovered - currently not indexed	-
https://www.siringayrimenkul.com/mahalleler/guzelkent-mahallesi/guzel-ankara-sitesi	MEVCUT	Submitted and indexed	2026-08-17T13:29:44Z
https://www.siringayrimenkul.com/mahalleler/guzelkent-mahallesi/isi-kent-sitesi	MEVCUT	Submitted and indexed	2026-08-09T00:59:00Z
https://www.siringayrimenkul.com/mahalleler/guzelkent-mahallesi/ipek-yapi-sitesi	YOK	Discovered - currently not indexed	-
https://www.siringayrimenkul.com/mahalleler/guzelkent-mahallesi/karasimsek-sitesi	MEVCUT	Submitted and indexed	2026-08-24T03:57:58Z
https://www.siringayrimenkul.com/mahalleler/guzelkent-mahallesi/kardelen-sitesi	MEVCUT	Submitted and indexed	2026-08-26T19:03:32Z
https://www.siringayrimenkul.com/mahalleler/guzelkent-mahallesi/konuta-ozlem-sitesi	YOK	URL is unknown to Google	-
https://www.siringayrimenkul.com/mahalleler/guzelkent-mahallesi/korukent-sitesi	MEVCUT	Submitted and indexed	2026-08-17T10:58:58Z
https://www.siringayrimenkul.com/mahalleler/guzelkent-mahallesi/kosk-sitesi	MEVCUT	Submitted and indexed	2026-08-19T08:04:53Z
https://www.siringayrimenkul.com/mahalleler/guzelkent-mahallesi/kurtulus-sitesi	YOK	Discovered - currently not indexed	-
https://www.siringayrimenkul.com/mahalleler/guzelkent-mahallesi/kusburnu-sitesi	YOK	URL is unknown to Google	-
https://www.siringayrimenkul.com/mahalleler/guzelkent-mahallesi/kucuk-ankara-villalari	MEVCUT	Submitted and indexed	2026-08-07T00:38:30Z
https://www.siringayrimenkul.com/mahalleler/guzelkent-mahallesi/master-kent-sitesi	YOK	Discovered - currently not indexed	-
https://www.siringayrimenkul.com/mahalleler/guzelkent-mahallesi/meltem-sitesi	YOK	Discovered - currently not indexed	-
https://www.siringayrimenkul.com/mahalleler/guzelkent-mahallesi/mesa-calisanlari-kooperatifi	YOK	URL is unknown to Google	-
https://www.siringayrimenkul.com/mahalleler/guzelkent-mahallesi/mesa-sitesi	MEVCUT	Submitted and indexed	2026-07-26T16:36:37Z
https://www.siringayrimenkul.com/mahalleler/guzelkent-mahallesi/metro-yasam-sitesi	MEVCUT	Submitted and indexed	2026-07-27T20:18:06Z
https://www.siringayrimenkul.com/mahalleler/guzelkent-mahallesi/nazlideniz-sitesi	MEVCUT	Submitted and indexed	2026-07-26T09:07:20Z
https://www.siringayrimenkul.com/mahalleler/guzelkent-mahallesi/oz-muhtar-sitesi	YOK	URL is unknown to Google	-
https://www.siringayrimenkul.com/mahalleler/guzelkent-mahallesi/ozle-iletisim-sitesi	MEVCUT	Submitted and indexed	2026-07-26T04:26:45Z
https://www.siringayrimenkul.com/mahalleler/guzelkent-mahallesi/ozuguzelkent-sitesi	MEVCUT	Submitted and indexed	2026-08-26T05:09:10Z
https://www.siringayrimenkul.com/mahalleler/guzelkent-mahallesi/pinarkent-91-sitesi	MEVCUT	Submitted and indexed	2026-07-26T06:21:48Z
https://www.siringayrimenkul.com/mahalleler/guzelkent-mahallesi/portakal-cicegi	MEVCUT	Submitted and indexed	2026-07-29T16:37:14Z
https://www.siringayrimenkul.com/mahalleler/guzelkent-mahallesi/portakal-cicegi-2-sitesi	MEVCUT	Submitted and indexed	2026-08-17T14:55:21Z
https://www.siringayrimenkul.com/mahalleler/guzelkent-mahallesi/postakent-sitesi	MEVCUT	Submitted and indexed	2026-08-16T15:13:31Z
https://www.siringayrimenkul.com/mahalleler/guzelkent-mahallesi/renk-villalari	MEVCUT	Submitted and indexed	2026-08-26T14:13:25Z
https://www.siringayrimenkul.com/mahalleler/guzelkent-mahallesi/ritim-eryaman	MEVCUT	Submitted and indexed	2026-07-29T10:28:55Z
https://www.siringayrimenkul.com/mahalleler/guzelkent-mahallesi/safi-apak-sitesi	MEVCUT	Submitted and indexed	2026-07-27T01:38:55Z
https://www.siringayrimenkul.com/mahalleler/guzelkent-mahallesi/sahinbey-sitesi	MEVCUT	Submitted and indexed	2026-07-26T10:03:16Z
https://www.siringayrimenkul.com/mahalleler/guzelkent-mahallesi/sehit-ferhat-koc-sitesi	YOK	Discovered - currently not indexed	-
https://www.siringayrimenkul.com/mahalleler/guzelkent-mahallesi/selale-sitesi	YOK	Discovered - currently not indexed	-
https://www.siringayrimenkul.com/mahalleler/guzelkent-mahallesi/seniz-sitesi	YOK	URL is unknown to Google	-
https://www.siringayrimenkul.com/mahalleler/guzelkent-mahallesi/sirin-91-sitesi	MEVCUT	Submitted and indexed	2026-08-14T01:05:54Z
https://www.siringayrimenkul.com/mahalleler/guzelkent-mahallesi/tez-konak-sitesi	MEVCUT	Submitted and indexed	2026-08-17T17:36:29Z
https://www.siringayrimenkul.com/mahalleler/guzelkent-mahallesi/ulas-sitesi	MEVCUT	Submitted and indexed	2026-08-25T21:46:43Z
https://www.siringayrimenkul.com/mahalleler/guzelkent-mahallesi/yayikli-2-sitesi	MEVCUT	Submitted and indexed	2026-07-26T20:57:42Z
https://www.siringayrimenkul.com/mahalleler/guzelkent-mahallesi/yayikli-4-sitesi	MEVCUT	Submitted and indexed	2026-07-25T23:54:09Z
https://www.siringayrimenkul.com/mahalleler/guzelkent-mahallesi/yeni-isikent-sitesi	MEVCUT	Submitted and indexed	2026-08-19T15:32:16Z
https://www.siringayrimenkul.com/mahalleler/guzelkent-mahallesi/yenigun-isigi-sitesi	MEVCUT	Submitted and indexed	2026-08-25T17:16:39Z
https://www.siringayrimenkul.com/mahalleler/guzelkent-mahallesi/yesil-guven-kent	MEVCUT	Submitted and indexed	2026-08-21T09:55:27Z
https://www.siringayrimenkul.com/mahalleler/guzelkent-mahallesi/yesim-kent2-sitesi	YOK	URL is unknown to Google	-
https://www.siringayrimenkul.com/mahalleler/guzelkent-mahallesi/yesimkent	MEVCUT	Submitted and indexed	2026-07-26T07:20:12Z
https://www.siringayrimenkul.com/mahalleler/guzelkent-mahallesi/yukselay-sitesi	YOK	Discovered - currently not indexed	-
https://www.siringayrimenkul.com/mahalleler/sehit-osman-avci-mahallesi/75-yil-sitesi	MEVCUT	Submitted and indexed	2026-08-25T19:01:14Z
https://www.siringayrimenkul.com/mahalleler/sehit-osman-avci-mahallesi/address-goksu	YOK	URL is unknown to Google	-
https://www.siringayrimenkul.com/mahalleler/sehit-osman-avci-mahallesi/ahikent-sitesi	MEVCUT	Submitted and indexed	2026-08-02T13:47:50Z
https://www.siringayrimenkul.com/mahalleler/sehit-osman-avci-mahallesi/akasya-sitesi	YOK	Discovered - currently not indexed	-
https://www.siringayrimenkul.com/mahalleler/sehit-osman-avci-mahallesi/akin-688-konutlari	MEVCUT	Submitted and indexed	2026-08-21T12:52:38Z
https://www.siringayrimenkul.com/mahalleler/sehit-osman-avci-mahallesi/alpak-neve-armonia-residence	MEVCUT	Submitted and indexed	2026-07-26T05:22:27Z
https://www.siringayrimenkul.com/mahalleler/sehit-osman-avci-mahallesi/ardic-sitesi	MEVCUT	Submitted and indexed	2026-08-26T04:58:22Z
https://www.siringayrimenkul.com/mahalleler/sehit-osman-avci-mahallesi/arkadya-goksu-evleri	MEVCUT	Submitted and indexed	2026-08-24T11:51:47Z
https://www.siringayrimenkul.com/mahalleler/sehit-osman-avci-mahallesi/atalay-sitesi	MEVCUT	Submitted and indexed	2026-07-27T12:01:54Z
https://www.siringayrimenkul.com/mahalleler/sehit-osman-avci-mahallesi/bordo-life-residence	MEVCUT	Submitted and indexed	2026-08-17T08:45:17Z
https://www.siringayrimenkul.com/mahalleler/sehit-osman-avci-mahallesi/bordo-platinum-residence	MEVCUT	Submitted and indexed	2026-08-21T00:56:34Z
https://www.siringayrimenkul.com/mahalleler/sehit-osman-avci-mahallesi/bossphorus-konutlari	MEVCUT	Submitted and indexed	2026-08-17T07:55:12Z
https://www.siringayrimenkul.com/mahalleler/sehit-osman-avci-mahallesi/bp-residence-eryaman	MEVCUT	Submitted and indexed	2026-08-17T14:18:14Z
https://www.siringayrimenkul.com/mahalleler/sehit-osman-avci-mahallesi/bulvar-1071-sitesi	YOK	URL is unknown to Google	-
https://www.siringayrimenkul.com/mahalleler/sehit-osman-avci-mahallesi/bulvar-312-konutlari	YOK	Discovered - currently not indexed	-
https://www.siringayrimenkul.com/mahalleler/sehit-osman-avci-mahallesi/cumhuriyet-sitesi	YOK	URL is unknown to Google	-
https://www.siringayrimenkul.com/mahalleler/sehit-osman-avci-mahallesi/camlik-sitesi	MEVCUT	Submitted and indexed	2026-07-26T09:06:17Z
https://www.siringayrimenkul.com/mahalleler/sehit-osman-avci-mahallesi/cinar-sitesi	MEVCUT	Submitted and indexed	2026-07-27T05:05:41Z
https://www.siringayrimenkul.com/mahalleler/sehit-osman-avci-mahallesi/cicek-sitesi	YOK	URL is unknown to Google	-
https://www.siringayrimenkul.com/mahalleler/sehit-osman-avci-mahallesi/cizgi-otesi-residence	YOK	Discovered - currently not indexed	-
https://www.siringayrimenkul.com/mahalleler/sehit-osman-avci-mahallesi/daldikenler-yasemin-evleri-sitesi	MEVCUT	Submitted and indexed	2026-08-21T13:36:30Z
https://www.siringayrimenkul.com/mahalleler/sehit-osman-avci-mahallesi/dalgic-residence	MEVCUT	Submitted and indexed	2026-07-26T03:38:06Z
https://www.siringayrimenkul.com/mahalleler/sehit-osman-avci-mahallesi/demirer-sitesi	MEVCUT	Submitted and indexed	2026-07-27T02:46:56Z
https://www.siringayrimenkul.com/mahalleler/sehit-osman-avci-mahallesi/elit-yasam-konutlari-1	MEVCUT	Submitted and indexed	2026-07-27T11:12:30Z
https://www.siringayrimenkul.com/mahalleler/sehit-osman-avci-mahallesi/elit-yasam-konutlari-2	MEVCUT	Submitted and indexed	2026-08-17T04:36:41Z
https://www.siringayrimenkul.com/mahalleler/sehit-osman-avci-mahallesi/eston-sitesi	MEVCUT	Submitted and indexed	2026-08-04T15:12:16Z
https://www.siringayrimenkul.com/mahalleler/sehit-osman-avci-mahallesi/garden-zirve	MEVCUT	Submitted and indexed	2026-07-26T06:41:12Z
https://www.siringayrimenkul.com/mahalleler/sehit-osman-avci-mahallesi/gode-yasam-konutlari	YOK	URL is unknown to Google	-
https://www.siringayrimenkul.com/mahalleler/sehit-osman-avci-mahallesi/gokdemirler-suit	MEVCUT	Submitted and indexed	2026-07-26T06:21:19Z
https://www.siringayrimenkul.com/mahalleler/sehit-osman-avci-mahallesi/goksu-prestij	YOK	URL is unknown to Google	-
https://www.siringayrimenkul.com/mahalleler/sehit-osman-avci-mahallesi/goksukent-sitesi	MEVCUT	Submitted and indexed	2026-08-13T14:02:55Z
https://www.siringayrimenkul.com/mahalleler/sehit-osman-avci-mahallesi/goldekent-sitesi	MEVCUT	Submitted and indexed	2026-08-20T08:42:12Z
https://www.siringayrimenkul.com/mahalleler/sehit-osman-avci-mahallesi/gungorler-tower	MEVCUT	Submitted and indexed	2026-08-02T13:36:34Z
https://www.siringayrimenkul.com/mahalleler/sehit-osman-avci-mahallesi/happy-life-residence	MEVCUT	Submitted and indexed	2026-08-13T06:52:21Z
https://www.siringayrimenkul.com/mahalleler/sehit-osman-avci-mahallesi/hill-tower-goksu	MEVCUT	Submitted and indexed	2026-08-26T22:03:13Z
https://www.siringayrimenkul.com/mahalleler/sehit-osman-avci-mahallesi/ictas	YOK	Discovered - currently not indexed	-
https://www.siringayrimenkul.com/mahalleler/sehit-osman-avci-mahallesi/inci-life-residence	MEVCUT	Submitted and indexed	2026-07-26T10:47:28Z
https://www.siringayrimenkul.com/mahalleler/sehit-osman-avci-mahallesi/inci-park-evleri-sitesi	YOK	Discovered - currently not indexed	-
https://www.siringayrimenkul.com/mahalleler/sehit-osman-avci-mahallesi/intes-sitesi	MEVCUT	Submitted and indexed	2026-07-28T14:27:44Z
https://www.siringayrimenkul.com/mahalleler/sehit-osman-avci-mahallesi/izo-ser-residence	MEVCUT	Submitted and indexed	2026-08-11T09:40:59Z
https://www.siringayrimenkul.com/mahalleler/sehit-osman-avci-mahallesi/kardelen-sitesi	MEVCUT	Submitted and indexed	2026-08-17T15:43:16Z
https://www.siringayrimenkul.com/mahalleler/sehit-osman-avci-mahallesi/karma-modern	MEVCUT	Submitted and indexed	2026-08-09T17:29:28Z
https://www.siringayrimenkul.com/mahalleler/sehit-osman-avci-mahallesi/kazim-sari-sitesi	MEVCUT	Submitted and indexed	2026-08-08T20:43:38Z
https://www.siringayrimenkul.com/mahalleler/sehit-osman-avci-mahallesi/kc-lale-evleri	MEVCUT	Submitted and indexed	2026-08-14T00:41:53Z
https://www.siringayrimenkul.com/mahalleler/sehit-osman-avci-mahallesi/kiratli-residence	MEVCUT	Submitted and indexed	2026-08-27T06:39:31Z
https://www.siringayrimenkul.com/mahalleler/sehit-osman-avci-mahallesi/koz-modern	MEVCUT	Submitted and indexed	2026-08-18T05:10:05Z
https://www.siringayrimenkul.com/mahalleler/sehit-osman-avci-mahallesi/lale-kent-sitesi	MEVCUT	Submitted and indexed	2026-07-29T08:07:54Z
https://www.siringayrimenkul.com/mahalleler/sehit-osman-avci-mahallesi/maybak-sitesi	MEVCUT	Submitted and indexed	2026-08-25T08:51:49Z
https://www.siringayrimenkul.com/mahalleler/sehit-osman-avci-mahallesi/metropark-concept	MEVCUT	Submitted and indexed	2026-08-26T05:29:25Z
https://www.siringayrimenkul.com/mahalleler/sehit-osman-avci-mahallesi/metropark-plus	MEVCUT	Submitted and indexed	2026-08-05T15:16:58Z
https://www.siringayrimenkul.com/mahalleler/sehit-osman-avci-mahallesi/mia-concept-konutlari	MEVCUT	Submitted and indexed	2026-08-08T09:44:26Z
https://www.siringayrimenkul.com/mahalleler/sehit-osman-avci-mahallesi/nefeskent-sitesi	MEVCUT	Submitted and indexed	2026-08-02T05:58:41Z
https://www.siringayrimenkul.com/mahalleler/sehit-osman-avci-mahallesi/neva-butik-home	MEVCUT	Submitted and indexed	2026-08-02T18:05:56Z
https://www.siringayrimenkul.com/mahalleler/sehit-osman-avci-mahallesi/neva-panora-konutlari	YOK	URL is unknown to Google	-
https://www.siringayrimenkul.com/mahalleler/sehit-osman-avci-mahallesi/neva-prestij-konutlari	MEVCUT	Submitted and indexed	2026-07-26T08:58:50Z
https://www.siringayrimenkul.com/mahalleler/sehit-osman-avci-mahallesi/odevci-sitesi	MEVCUT	Submitted and indexed	2026-08-25T17:35:41Z
https://www.siringayrimenkul.com/mahalleler/sehit-osman-avci-mahallesi/relax-eryaman-konutlari	YOK	Discovered - currently not indexed	-
https://www.siringayrimenkul.com/mahalleler/sehit-osman-avci-mahallesi/relax-goksu-konutlari	MEVCUT	Submitted and indexed	2026-08-17T17:37:47Z
https://www.siringayrimenkul.com/mahalleler/sehit-osman-avci-mahallesi/safir-rezidans	MEVCUT	Submitted and indexed	2026-08-02T13:40:48Z
https://www.siringayrimenkul.com/mahalleler/sehit-osman-avci-mahallesi/soyak-sitesi	MEVCUT	Submitted and indexed	2026-08-17T14:55:58Z
https://www.siringayrimenkul.com/mahalleler/sehit-osman-avci-mahallesi/tan-yildizi-sitesi	MEVCUT	Submitted and indexed	2026-07-27T19:04:35Z
https://www.siringayrimenkul.com/mahalleler/sehit-osman-avci-mahallesi/tureli-residence	MEVCUT	Submitted and indexed	2026-08-11T09:21:23Z
https://www.siringayrimenkul.com/mahalleler/sehit-osman-avci-mahallesi/ucyildiz-sitesi	YOK	Discovered - currently not indexed	-
https://www.siringayrimenkul.com/mahalleler/sehit-osman-avci-mahallesi/vera-city	MEVCUT	Submitted and indexed	2026-07-27T23:51:50Z
https://www.siringayrimenkul.com/mahalleler/sehit-osman-avci-mahallesi/yazici-modern	MEVCUT	Submitted and indexed	2026-07-26T17:00:22Z
https://www.siringayrimenkul.com/mahalleler/sehit-osman-avci-mahallesi/yildiz-eryaman	YOK	Discovered - currently not indexed	-
https://www.siringayrimenkul.com/mahalleler/sehit-osman-avci-mahallesi/z-yayla-konutlari	MEVCUT	Submitted and indexed	2026-07-26T09:12:10Z
https://www.siringayrimenkul.com/mahalleler/sehit-osman-avci-mahallesi/zekioglu-rezidans	MEVCUT	Submitted and indexed	2026-07-27T02:52:26Z
https://www.siringayrimenkul.com/mahalleler/seker-mahallesi/address-enda	MEVCUT	Submitted and indexed	2026-08-18T13:47:01Z
https://www.siringayrimenkul.com/mahalleler/seker-mahallesi/akdal-residence	YOK	Discovered - currently not indexed	-
https://www.siringayrimenkul.com/mahalleler/seker-mahallesi/altas-relax-line	YOK	Discovered - currently not indexed	-
https://www.siringayrimenkul.com/mahalleler/seker-mahallesi/altas-rezidans	MEVCUT	Submitted and indexed	2026-08-17T12:38:44Z
https://www.siringayrimenkul.com/mahalleler/seker-mahallesi/bahcen-eryaman-konutlari	MEVCUT	Submitted and indexed	2026-08-17T06:58:11Z
https://www.siringayrimenkul.com/mahalleler/seker-mahallesi/diamond-residence	YOK	Discovered - currently not indexed	-
https://www.siringayrimenkul.com/mahalleler/seker-mahallesi/dort-mevsim-eryaman-konutlari	MEVCUT	Submitted and indexed	2026-07-26T07:25:03Z
https://www.siringayrimenkul.com/mahalleler/seker-mahallesi/golden-life-residence	MEVCUT	Submitted and indexed	2026-08-17T18:45:49Z
https://www.siringayrimenkul.com/mahalleler/seker-mahallesi/hill-tower	MEVCUT	Submitted and indexed	2026-07-31T19:00:07Z
https://www.siringayrimenkul.com/mahalleler/seker-mahallesi/izoser-residence	YOK	Discovered - currently not indexed	-
https://www.siringayrimenkul.com/mahalleler/seker-mahallesi/meydan-ada-sitesi	MEVCUT	Submitted and indexed	2026-08-22T11:20:57Z
https://www.siringayrimenkul.com/mahalleler/seker-mahallesi/meydan-cadde	MEVCUT	Submitted and indexed	2026-08-21T05:05:32Z
https://www.siringayrimenkul.com/mahalleler/seker-mahallesi/oasis-rezidans	MEVCUT	Submitted and indexed	2026-07-31T19:03:55Z
https://www.siringayrimenkul.com/mahalleler/seker-mahallesi/rainbow-sitesi	MEVCUT	Submitted and indexed	2026-07-29T02:35:58Z
https://www.siringayrimenkul.com/mahalleler/seker-mahallesi/volga-residence	MEVCUT	Submitted and indexed	2026-08-11T04:04:41Z
https://www.siringayrimenkul.com/mahalleler/seker-mahallesi/zirve-loft	MEVCUT	Submitted and indexed	2026-08-24T15:06:11Z
https://www.siringayrimenkul.com/mahalleler/seyh-samil-mahallesi/acar-sitesi	MEVCUT	Submitted and indexed	2026-08-26T03:47:40Z
https://www.siringayrimenkul.com/mahalleler/seyh-samil-mahallesi/ak-kent-sitesi	MEVCUT	Submitted and indexed	2026-07-26T22:46:45Z
https://www.siringayrimenkul.com/mahalleler/seyh-samil-mahallesi/alarko-bloklari	MEVCUT	Submitted and indexed	2026-08-24T11:50:08Z
https://www.siringayrimenkul.com/mahalleler/seyh-samil-mahallesi/atayildiz-yasam-konutlari	MEVCUT	Submitted and indexed	2026-07-26T07:26:01Z
https://www.siringayrimenkul.com/mahalleler/seyh-samil-mahallesi/baris-sitesi	MEVCUT	Submitted and indexed	2026-08-03T09:25:56Z
https://www.siringayrimenkul.com/mahalleler/seyh-samil-mahallesi/bizim-alperenler-sitesi	MEVCUT	Submitted and indexed	2026-07-26T03:28:58Z
https://www.siringayrimenkul.com/mahalleler/seyh-samil-mahallesi/borankent	MEVCUT	Submitted and indexed	2026-08-16T03:44:55Z
https://www.siringayrimenkul.com/mahalleler/seyh-samil-mahallesi/caglar-emin-evleri	MEVCUT	Submitted and indexed	2026-07-26T20:25:42Z
https://www.siringayrimenkul.com/mahalleler/seyh-samil-mahallesi/camlica-sitesi	YOK	Discovered - currently not indexed	-
https://www.siringayrimenkul.com/mahalleler/seyh-samil-mahallesi/demirel-park-evleri	MEVCUT	Submitted and indexed	2026-08-08T17:30:21Z
https://www.siringayrimenkul.com/mahalleler/seyh-samil-mahallesi/duskent-sitesi	MEVCUT	Submitted and indexed	2026-08-17T03:38:26Z
https://www.siringayrimenkul.com/mahalleler/seyh-samil-mahallesi/eston-1-bloklari	MEVCUT	Submitted and indexed	2026-08-19T13:05:10Z
https://www.siringayrimenkul.com/mahalleler/seyh-samil-mahallesi/eston-bloklari	MEVCUT	Submitted and indexed	2026-08-25T02:12:44Z
https://www.siringayrimenkul.com/mahalleler/seyh-samil-mahallesi/genc-efes-sitesi	MEVCUT	Submitted and indexed	2026-08-17T17:35:33Z
https://www.siringayrimenkul.com/mahalleler/seyh-samil-mahallesi/gul-sitesi	MEVCUT	Submitted and indexed	2026-08-23T12:59:34Z
https://www.siringayrimenkul.com/mahalleler/seyh-samil-mahallesi/ictas-bloklari	MEVCUT	Submitted and indexed	2026-08-14T05:24:10Z
https://www.siringayrimenkul.com/mahalleler/seyh-samil-mahallesi/ilk-umut-sitesi	MEVCUT	Submitted and indexed	2026-08-12T23:53:47Z
https://www.siringayrimenkul.com/mahalleler/seyh-samil-mahallesi/ilkdogus-sitesi	MEVCUT	Submitted and indexed	2026-07-26T22:26:51Z
https://www.siringayrimenkul.com/mahalleler/seyh-samil-mahallesi/ilksebat-sitesi	MEVCUT	Submitted and indexed	2026-07-26T06:44:18Z
https://www.siringayrimenkul.com/mahalleler/seyh-samil-mahallesi/ilona-konutlari	MEVCUT	Submitted and indexed	2026-08-17T02:51:00Z
https://www.siringayrimenkul.com/mahalleler/seyh-samil-mahallesi/inci-park-evleri	MEVCUT	Submitted and indexed	2026-08-23T11:03:44Z
https://www.siringayrimenkul.com/mahalleler/seyh-samil-mahallesi/kackar-sitesi	MEVCUT	Submitted and indexed	2026-08-17T12:14:11Z
https://www.siringayrimenkul.com/mahalleler/seyh-samil-mahallesi/kosk-birlik-sitesi	YOK	URL is unknown to Google	-
https://www.siringayrimenkul.com/mahalleler/seyh-samil-mahallesi/kuryap-sitesi	YOK	Discovered - currently not indexed	-
https://www.siringayrimenkul.com/mahalleler/seyh-samil-mahallesi/lider-yasam-evleri	MEVCUT	Submitted and indexed	2026-08-14T10:06:26Z
https://www.siringayrimenkul.com/mahalleler/seyh-samil-mahallesi/liderkent	YOK	Discovered - currently not indexed	-
https://www.siringayrimenkul.com/mahalleler/seyh-samil-mahallesi/mavera-sitesi	MEVCUT	Submitted and indexed	2026-07-26T10:28:01Z
https://www.siringayrimenkul.com/mahalleler/seyh-samil-mahallesi/melis-sitesi	MEVCUT	Submitted and indexed	2026-07-27T05:12:48Z
https://www.siringayrimenkul.com/mahalleler/seyh-samil-mahallesi/nisan-sitesi	MEVCUT	Submitted and indexed	2026-07-26T09:11:39Z
https://www.siringayrimenkul.com/mahalleler/seyh-samil-mahallesi/onur-sitesi	YOK	Discovered - currently not indexed	-
https://www.siringayrimenkul.com/mahalleler/seyh-samil-mahallesi/ovgu-iletisim-sitesi	MEVCUT	Submitted and indexed	2026-07-28T09:21:20Z
https://www.siringayrimenkul.com/mahalleler/seyh-samil-mahallesi/oz-cozum-kent-sitesi	MEVCUT	Submitted and indexed	2026-07-26T22:25:53Z
https://www.siringayrimenkul.com/mahalleler/seyh-samil-mahallesi/oz-tamer-sitesi	MEVCUT	Submitted and indexed	2026-08-18T15:57:23Z
https://www.siringayrimenkul.com/mahalleler/seyh-samil-mahallesi/ozahikent-sitesi	MEVCUT	Submitted and indexed	2026-08-12T22:40:31Z
https://www.siringayrimenkul.com/mahalleler/seyh-samil-mahallesi/ozanadolu	YOK	Discovered - currently not indexed	-
https://www.siringayrimenkul.com/mahalleler/seyh-samil-mahallesi/ozluce-guzelevim	YOK	Discovered - currently not indexed	-
https://www.siringayrimenkul.com/mahalleler/seyh-samil-mahallesi/selinkent-sitesi	MEVCUT	Submitted and indexed	2026-07-26T06:41:17Z
https://www.siringayrimenkul.com/mahalleler/seyh-samil-mahallesi/serender-sitesi	MEVCUT	Submitted and indexed	2026-08-26T19:00:47Z
https://www.siringayrimenkul.com/mahalleler/seyh-samil-mahallesi/sitekonut-sitesi	MEVCUT	Submitted and indexed	2026-07-26T04:35:21Z
https://www.siringayrimenkul.com/mahalleler/seyh-samil-mahallesi/sutek-bloklari	MEVCUT	Submitted and indexed	2026-08-10T18:25:20Z
https://www.siringayrimenkul.com/mahalleler/seyh-samil-mahallesi/sumeyra-sitesi	MEVCUT	Submitted and indexed	2026-08-24T21:34:40Z
https://www.siringayrimenkul.com/mahalleler/seyh-samil-mahallesi/taniskent-sitesi	MEVCUT	Submitted and indexed	2026-07-26T11:43:31Z
https://www.siringayrimenkul.com/mahalleler/seyh-samil-mahallesi/tekser-bloklari	MEVCUT	Submitted and indexed	2026-08-18T09:28:53Z
https://www.siringayrimenkul.com/mahalleler/seyh-samil-mahallesi/tepe-bloklari	MEVCUT	Submitted and indexed	2026-08-11T21:43:16Z
https://www.siringayrimenkul.com/mahalleler/seyh-samil-mahallesi/tugce-kent-sitesi	MEVCUT	Submitted and indexed	2026-07-26T04:31:46Z
https://www.siringayrimenkul.com/mahalleler/seyh-samil-mahallesi/turkuaz-sitesi	MEVCUT	Submitted and indexed	2026-07-26T04:43:44Z
https://www.siringayrimenkul.com/mahalleler/seyh-samil-mahallesi/umar-sitesi	MEVCUT	Submitted and indexed	2026-07-26T05:22:25Z
https://www.siringayrimenkul.com/mahalleler/seyh-samil-mahallesi/umut-sitesi	MEVCUT	Submitted and indexed	2026-08-11T10:06:24Z
https://www.siringayrimenkul.com/mahalleler/seyh-samil-mahallesi/uzunbey-sitesi	MEVCUT	Submitted and indexed	2026-07-27T15:11:34Z
https://www.siringayrimenkul.com/mahalleler/seyh-samil-mahallesi/unsal-rezidans	MEVCUT	Submitted and indexed	2026-08-26T19:57:57Z
https://www.siringayrimenkul.com/mahalleler/seyh-samil-mahallesi/yagan-kent	YOK	URL is unknown to Google	-
https://www.siringayrimenkul.com/mahalleler/seyh-samil-mahallesi/yardimci-bloklari	MEVCUT	Submitted and indexed	2026-08-19T22:35:14Z
https://www.siringayrimenkul.com/mahalleler/seyh-samil-mahallesi/yayginkent-sitesi	MEVCUT	Submitted and indexed	2026-08-14T12:12:27Z
https://www.siringayrimenkul.com/mahalleler/seyh-samil-mahallesi/yeni-burak-sitesi	MEVCUT	Submitted and indexed	2026-08-26T08:07:53Z
https://www.siringayrimenkul.com/mahalleler/seyh-samil-mahallesi/yesil-asiyan-sitesi	YOK	Discovered - currently not indexed	-
https://www.siringayrimenkul.com/mahalleler/seyh-samil-mahallesi/yesil-vadim-sitesi	MEVCUT	Submitted and indexed	2026-08-23T18:01:05Z
https://www.siringayrimenkul.com/mahalleler/seyh-samil-mahallesi/yunus-emre-cagdas-sitesi	MEVCUT	Submitted and indexed	2026-07-27T00:20:31Z
https://www.siringayrimenkul.com/mahalleler/seyh-samil-mahallesi/zadegan-sitesi	YOK	URL is unknown to Google	-
https://www.siringayrimenkul.com/mahalleler/tunahan-mahallesi/age-sitesi	MEVCUT	Submitted and indexed	2026-08-21T13:03:16Z
https://www.siringayrimenkul.com/mahalleler/tunahan-mahallesi/akturk-sitesi	MEVCUT	Submitted and indexed	2026-08-20T18:42:01Z
https://www.siringayrimenkul.com/mahalleler/tunahan-mahallesi/camli-klima-bloklari	MEVCUT	Submitted and indexed	2026-08-23T03:27:41Z
https://www.siringayrimenkul.com/mahalleler/tunahan-mahallesi/canberk-sitesi	MEVCUT	Submitted and indexed	2026-08-20T03:17:16Z
https://www.siringayrimenkul.com/mahalleler/tunahan-mahallesi/dema-park	MEVCUT	Submitted and indexed	2026-08-15T11:56:34Z
https://www.siringayrimenkul.com/mahalleler/tunahan-mahallesi/elit-yasam-evleri	MEVCUT	Submitted and indexed	2026-08-21T20:11:13Z
https://www.siringayrimenkul.com/mahalleler/tunahan-mahallesi/gokdemir-premium	MEVCUT	Submitted and indexed	2026-08-21T10:52:15Z
https://www.siringayrimenkul.com/mahalleler/tunahan-mahallesi/haznedaroglu-bloklari	MEVCUT	Submitted and indexed	2026-08-26T08:50:40Z
https://www.siringayrimenkul.com/mahalleler/tunahan-mahallesi/ilgazlar-sitesi	MEVCUT	Submitted and indexed	2026-08-20T18:43:53Z
https://www.siringayrimenkul.com/mahalleler/tunahan-mahallesi/klima-bloklari	MEVCUT	Submitted and indexed	2026-08-23T04:16:10Z
https://www.siringayrimenkul.com/mahalleler/tunahan-mahallesi/kur-sitesi-46495-ada	MEVCUT	Submitted and indexed	2026-08-09T00:53:28Z
https://www.siringayrimenkul.com/mahalleler/tunahan-mahallesi/kur-sitesi-46496-ada	MEVCUT	Submitted and indexed	2026-08-20T18:56:03Z
https://www.siringayrimenkul.com/mahalleler/tunahan-mahallesi/mavicam-sitesi	MEVCUT	Submitted and indexed	2026-08-20T18:49:55Z
https://www.siringayrimenkul.com/mahalleler/tunahan-mahallesi/metromall-sitesi	MEVCUT	Submitted and indexed	2026-08-21T17:44:07Z
https://www.siringayrimenkul.com/mahalleler/tunahan-mahallesi/neopolitan-eryaman	MEVCUT	Submitted and indexed	2026-08-14T00:11:26Z
https://www.siringayrimenkul.com/mahalleler/tunahan-mahallesi/okyanus-plaza	MEVCUT	Submitted and indexed	2026-08-20T18:45:54Z
https://www.siringayrimenkul.com/mahalleler/tunahan-mahallesi/ozar-sitesi	MEVCUT	Submitted and indexed	2026-08-09T16:46:07Z
https://www.siringayrimenkul.com/mahalleler/tunahan-mahallesi/oztas-sitesi	MEVCUT	Submitted and indexed	2026-08-26T12:03:59Z
https://www.siringayrimenkul.com/mahalleler/tunahan-mahallesi/sarigul-sitesi	MEVCUT	Submitted and indexed	2026-08-18T23:01:38Z
https://www.siringayrimenkul.com/mahalleler/tunahan-mahallesi/soyak-sitesi	MEVCUT	Submitted and indexed	2026-08-21T17:47:33Z
https://www.siringayrimenkul.com/mahalleler/tunahan-mahallesi/stfa-bloklari	MEVCUT	Submitted and indexed	2026-08-22T11:58:10Z
https://www.siringayrimenkul.com/mahalleler/tunahan-mahallesi/su-damlasi-sitesi	MEVCUT	Submitted and indexed	2026-07-29T03:58:34Z
https://www.siringayrimenkul.com/mahalleler/tunahan-mahallesi/sutek-sitesi	MEVCUT	Submitted and indexed	2026-08-20T18:52:00Z
https://www.siringayrimenkul.com/mahalleler/tunahan-mahallesi/tunahan-sitesi	MEVCUT	Submitted and indexed	2026-07-26T16:38:01Z
https://www.siringayrimenkul.com/mahalleler/tunahan-mahallesi/yardimci-bloklari	MEVCUT	Submitted and indexed	2026-08-24T11:36:45Z
https://www.siringayrimenkul.com/mahalleler/tunahan-mahallesi/yuksel-bloklari	MEVCUT	Submitted and indexed	2026-08-23T13:50:33Z
https://www.siringayrimenkul.com/mahalleler/yavuz-selim-mahallesi/acat-konutlari	YOK	Discovered - currently not indexed	-
https://www.siringayrimenkul.com/mahalleler/yavuz-selim-mahallesi/akcakent-87-sitesi	MEVCUT	Submitted and indexed	2026-08-18T11:30:01Z
https://www.siringayrimenkul.com/mahalleler/yavuz-selim-mahallesi/altintepe-sitesi	MEVCUT	Submitted and indexed	2026-08-12T22:47:47Z
https://www.siringayrimenkul.com/mahalleler/yavuz-selim-mahallesi/atadostlar-sitesi	MEVCUT	Submitted and indexed	2026-07-26T09:07:27Z
https://www.siringayrimenkul.com/mahalleler/yavuz-selim-mahallesi/ayata-kent-sitesi	MEVCUT	Submitted and indexed	2026-08-17T12:10:41Z
https://www.siringayrimenkul.com/mahalleler/yavuz-selim-mahallesi/baskent-sular-sitesi	MEVCUT	Submitted and indexed	2026-07-27T15:12:04Z
https://www.siringayrimenkul.com/mahalleler/yavuz-selim-mahallesi/bizim-sirinkoy-sitesi	MEVCUT	Submitted and indexed	2026-07-26T09:03:08Z
https://www.siringayrimenkul.com/mahalleler/yavuz-selim-mahallesi/concept-eryaman	MEVCUT	Submitted and indexed	2026-08-11T07:06:16Z
https://www.siringayrimenkul.com/mahalleler/yavuz-selim-mahallesi/dogakent-camlik-sitesi	MEVCUT	Submitted and indexed	2026-08-17T23:01:52Z
https://www.siringayrimenkul.com/mahalleler/yavuz-selim-mahallesi/dogapark-sitesi	MEVCUT	Submitted and indexed	2026-08-02T17:18:06Z
https://www.siringayrimenkul.com/mahalleler/yavuz-selim-mahallesi/doktorlar-sitesi	MEVCUT	Submitted and indexed	2026-07-26T11:43:10Z
https://www.siringayrimenkul.com/mahalleler/yavuz-selim-mahallesi/elit-nar-cicegi	MEVCUT	Submitted and indexed	2026-07-27T03:29:43Z
https://www.siringayrimenkul.com/mahalleler/yavuz-selim-mahallesi/endora-eryaman	MEVCUT	Submitted and indexed	2026-07-26T09:03:16Z
https://www.siringayrimenkul.com/mahalleler/yavuz-selim-mahallesi/erkaraca-sitesi	YOK	URL is unknown to Google	-
https://www.siringayrimenkul.com/mahalleler/yavuz-selim-mahallesi/esenkent-sitesi	MEVCUT	Submitted and indexed	2026-07-29T03:06:59Z
https://www.siringayrimenkul.com/mahalleler/yavuz-selim-mahallesi/eylul-evleri	MEVCUT	Submitted and indexed	2026-07-26T06:07:40Z
https://www.siringayrimenkul.com/mahalleler/yavuz-selim-mahallesi/eylul-sitesi	MEVCUT	Submitted and indexed	2026-08-17T23:03:53Z
https://www.siringayrimenkul.com/mahalleler/yavuz-selim-mahallesi/genc-avrasya-sitesi	MEVCUT	Submitted and indexed	2026-07-26T10:46:15Z
https://www.siringayrimenkul.com/mahalleler/yavuz-selim-mahallesi/goksu-sitesi	MEVCUT	Submitted and indexed	2026-08-07T00:26:36Z
https://www.siringayrimenkul.com/mahalleler/yavuz-selim-mahallesi/gulvatan-sitesi	MEVCUT	Submitted and indexed	2026-07-27T20:02:42Z
https://www.siringayrimenkul.com/mahalleler/yavuz-selim-mahallesi/guz-gol-sitesi	MEVCUT	Submitted and indexed	2026-07-30T15:38:52Z
https://www.siringayrimenkul.com/mahalleler/yavuz-selim-mahallesi/guzel-ev-sitesi	MEVCUT	Submitted and indexed	2026-08-03T18:51:42Z
https://www.siringayrimenkul.com/mahalleler/yavuz-selim-mahallesi/havayollari-sitesi	MEVCUT	Submitted and indexed	2026-08-10T06:33:57Z
https://www.siringayrimenkul.com/mahalleler/yavuz-selim-mahallesi/ilkiz-2-sitesi	MEVCUT	Submitted and indexed	2026-07-26T11:11:13Z
https://www.siringayrimenkul.com/mahalleler/yavuz-selim-mahallesi/ilkiz-sitesi	MEVCUT	Submitted and indexed	2026-08-17T22:38:38Z
https://www.siringayrimenkul.com/mahalleler/yavuz-selim-mahallesi/kardelen-sitesi	MEVCUT	Submitted and indexed	2026-07-26T02:53:32Z
https://www.siringayrimenkul.com/mahalleler/yavuz-selim-mahallesi/kardeskent-sitesi	MEVCUT	Submitted and indexed	2026-08-21T07:16:37Z
https://www.siringayrimenkul.com/mahalleler/yavuz-selim-mahallesi/karkoy-villalari	MEVCUT	Submitted and indexed	2026-08-17T13:34:58Z
https://www.siringayrimenkul.com/mahalleler/yavuz-selim-mahallesi/keyfim-sitesi	MEVCUT	Submitted and indexed	2026-07-26T10:19:01Z
https://www.siringayrimenkul.com/mahalleler/yavuz-selim-mahallesi/kirkayak-sitesi	MEVCUT	Submitted and indexed	2026-07-26T20:53:42Z
https://www.siringayrimenkul.com/mahalleler/yavuz-selim-mahallesi/konut-sitesi	MEVCUT	Submitted and indexed	2026-07-26T04:28:19Z
https://www.siringayrimenkul.com/mahalleler/yavuz-selim-mahallesi/korukent-sitesi	MEVCUT	Submitted and indexed	2026-07-26T11:42:40Z
https://www.siringayrimenkul.com/mahalleler/yavuz-selim-mahallesi/kucukevlerimiz-sitesi	MEVCUT	Submitted and indexed	2026-08-03T05:20:33Z
https://www.siringayrimenkul.com/mahalleler/yavuz-selim-mahallesi/metrokent-villalari	MEVCUT	Submitted and indexed	2026-07-26T07:25:56Z
https://www.siringayrimenkul.com/mahalleler/yavuz-selim-mahallesi/ozenkent-2-villalari	YOK	Discovered - currently not indexed	-
https://www.siringayrimenkul.com/mahalleler/yavuz-selim-mahallesi/ozenkent-villalari	MEVCUT	Submitted and indexed	2026-08-23T10:55:07Z
https://www.siringayrimenkul.com/mahalleler/yavuz-selim-mahallesi/ozharitacilar-sitesi	MEVCUT	Submitted and indexed	2026-07-26T03:00:37Z
https://www.siringayrimenkul.com/mahalleler/yavuz-selim-mahallesi/pasaj-eryaman	MEVCUT	Submitted and indexed	2026-08-26T12:35:06Z
https://www.siringayrimenkul.com/mahalleler/yavuz-selim-mahallesi/sacak-91-sitesi	MEVCUT	Submitted and indexed	2026-08-02T00:33:56Z
https://www.siringayrimenkul.com/mahalleler/yavuz-selim-mahallesi/safir-sitesi	MEVCUT	Submitted and indexed	2026-07-26T08:58:29Z
https://www.siringayrimenkul.com/mahalleler/yavuz-selim-mahallesi/sahibin-sitesi	YOK	Discovered - currently not indexed	-
https://www.siringayrimenkul.com/mahalleler/yavuz-selim-mahallesi/sahil-kent-sitesi	MEVCUT	Submitted and indexed	2026-08-17T10:54:45Z
https://www.siringayrimenkul.com/mahalleler/yavuz-selim-mahallesi/seda-terasevler	MEVCUT	Submitted and indexed	2026-08-16T23:57:22Z
https://www.siringayrimenkul.com/mahalleler/yavuz-selim-mahallesi/serenkoy-sitesi	MEVCUT	Submitted and indexed	2026-08-20T03:55:33Z
https://www.siringayrimenkul.com/mahalleler/yavuz-selim-mahallesi/serhatkent-sitesi	MEVCUT	Submitted and indexed	2026-08-25T14:35:23Z
https://www.siringayrimenkul.com/mahalleler/yavuz-selim-mahallesi/serpil-sitesi	MEVCUT	Submitted and indexed	2026-08-18T05:17:55Z
https://www.siringayrimenkul.com/mahalleler/yavuz-selim-mahallesi/taskent-sitesi	MEVCUT	Submitted and indexed	2026-07-26T11:44:36Z
https://www.siringayrimenkul.com/mahalleler/yavuz-selim-mahallesi/terasevler-eryaman	MEVCUT	Submitted and indexed	2026-07-26T21:01:04Z
https://www.siringayrimenkul.com/mahalleler/yavuz-selim-mahallesi/turaykent-sitesi	MEVCUT	Submitted and indexed	2026-08-17T15:55:49Z
https://www.siringayrimenkul.com/mahalleler/yavuz-selim-mahallesi/utku-sitesi	MEVCUT	Submitted and indexed	2026-07-26T06:21:41Z
https://www.siringayrimenkul.com/mahalleler/yavuz-selim-mahallesi/uyum-90-sitesi	YOK	Discovered - currently not indexed	-
https://www.siringayrimenkul.com/mahalleler/yavuz-selim-mahallesi/yavuz-selim-sitesi	MEVCUT	Submitted and indexed	2026-07-26T18:07:55Z
https://www.siringayrimenkul.com/mahalleler/yavuz-selim-mahallesi/yeni-ilkay-sitesi	MEVCUT	Submitted and indexed	2026-07-26T20:53:37Z
https://www.siringayrimenkul.com/mahalleler/yavuz-selim-mahallesi/yeni-kaynak-sitesi	MEVCUT	Submitted and indexed	2026-07-26T09:38:50Z
https://www.siringayrimenkul.com/mahalleler/yavuz-selim-mahallesi/yesil-goksu-konutyapi-kooperatifi	YOK	URL is unknown to Google	-
https://www.siringayrimenkul.com/mahalleler/yavuz-selim-mahallesi/yunuskent-sitesi	YOK	URL is unknown to Google	-
https://www.siringayrimenkul.com/mahalleler/yavuz-selim-mahallesi/yurt-prestij-konutlari	MEVCUT	Submitted and indexed	2026-08-12T09:09:54Z
https://www.siringayrimenkul.com/mahalleler/yavuz-selim-mahallesi/yuksel-kent-91-sitesi	MEVCUT	Submitted and indexed	2026-07-26T18:41:53Z
https://www.siringayrimenkul.com/mahalleler/yavuz-selim-mahallesi/yukselen-sitesi	MEVCUT	Submitted and indexed	2026-08-11T07:45:19Z
https://www.siringayrimenkul.com/mahalleler/yesilova-mahallesi/address-yesilova	MEVCUT	Submitted and indexed	2026-07-26T09:12:07Z
https://www.siringayrimenkul.com/mahalleler/yesilova-mahallesi/alpar-sitesi	MEVCUT	Submitted and indexed	2026-08-22T00:02:56Z
https://www.siringayrimenkul.com/mahalleler/yesilova-mahallesi/anka-vega	MEVCUT	Submitted and indexed	2026-07-26T20:23:50Z
https://www.siringayrimenkul.com/mahalleler/yesilova-mahallesi/barla-konutlari	MEVCUT	Submitted and indexed	2026-08-14T07:56:04Z
https://www.siringayrimenkul.com/mahalleler/yesilova-mahallesi/dogan-city	MEVCUT	Submitted and indexed	2026-07-26T04:49:52Z
https://www.siringayrimenkul.com/mahalleler/yesilova-mahallesi/dogan-life	MEVCUT	Submitted and indexed	2026-07-26T19:37:54Z
https://www.siringayrimenkul.com/mahalleler/yesilova-mahallesi/eryaman-port	MEVCUT	Submitted and indexed	2026-08-06T23:14:44Z
https://www.siringayrimenkul.com/mahalleler/yesilova-mahallesi/gokdemir-tower	YOK	URL is unknown to Google	-
https://www.siringayrimenkul.com/mahalleler/yesilova-mahallesi/green-hill	MEVCUT	Submitted and indexed	2026-08-07T07:41:49Z
https://www.siringayrimenkul.com/mahalleler/yesilova-mahallesi/green-place-residence	MEVCUT	Submitted and indexed	2026-07-26T09:11:40Z
https://www.siringayrimenkul.com/mahalleler/yesilova-mahallesi/hotki-ritm	MEVCUT	Submitted and indexed	2026-08-18T15:15:18Z
https://www.siringayrimenkul.com/mahalleler/yesilova-mahallesi/kardelen-sitesi	MEVCUT	Submitted and indexed	2026-08-18T11:11:26Z
https://www.siringayrimenkul.com/mahalleler/yesilova-mahallesi/kayra-loft	MEVCUT	Submitted and indexed	2026-08-15T07:27:19Z
https://www.siringayrimenkul.com/mahalleler/yesilova-mahallesi/kocaklar-tower	MEVCUT	Submitted and indexed	2026-08-07T09:47:19Z
https://www.siringayrimenkul.com/mahalleler/yesilova-mahallesi/lokasyon-eryaman	YOK	Discovered - currently not indexed	-
https://www.siringayrimenkul.com/mahalleler/yesilova-mahallesi/lowland-business	MEVCUT	Submitted and indexed	2026-07-26T20:59:29Z
https://www.siringayrimenkul.com/mahalleler/yesilova-mahallesi/may-tower	MEVCUT	Submitted and indexed	2026-08-12T03:12:40Z
https://www.siringayrimenkul.com/mahalleler/yesilova-mahallesi/meva-sehir	MEVCUT	Submitted and indexed	2026-08-02T10:22:13Z
https://www.siringayrimenkul.com/mahalleler/yesilova-mahallesi/penta-5	MEVCUT	Submitted and indexed	2026-08-18T09:40:10Z
https://www.siringayrimenkul.com/mahalleler/yesilova-mahallesi/pozitif-life	MEVCUT	Submitted and indexed	2026-07-30T11:55:44Z
https://www.siringayrimenkul.com/mahalleler/yesilova-mahallesi/rema-delux	MEVCUT	Submitted and indexed	2026-07-26T20:57:59Z
https://www.siringayrimenkul.com/mahalleler/yesilova-mahallesi/sakalar-tower	MEVCUT	Submitted and indexed	2026-08-20T00:49:40Z
https://www.siringayrimenkul.com/mahalleler/yesilova-mahallesi/sertower-busidence	MEVCUT	Submitted and indexed	2026-08-26T05:07:56Z
https://www.siringayrimenkul.com/mahalleler/altay-mahallesi/etaplar/1	MEVCUT	Submitted and indexed	2026-08-08T19:27:27Z
https://www.siringayrimenkul.com/mahalleler/sehit-osman-avci-mahallesi/etaplar/2	MEVCUT	Submitted and indexed	2026-08-08T19:27:26Z
https://www.siringayrimenkul.com/mahalleler/seyh-samil-mahallesi/etaplar/3	MEVCUT	Submitted and indexed	2026-08-08T19:27:27Z
https://www.siringayrimenkul.com/mahalleler/tunahan-mahallesi/etaplar/4	MEVCUT	Submitted and indexed	2026-08-22T14:12:54Z
https://www.siringayrimenkul.com/mahalleler/tunahan-mahallesi/etaplar/5	MEVCUT	Submitted and indexed	2026-08-20T10:16:05Z
